name,domain,website_url,careers_url,sequoia_jobs_url,sequoia_portfolio_url,linkedin_url,twitter_url,github_url,facebook_url,instagram_url,youtube_url,all_social_links,ats_platform,total_jobs,num_remote_jobs,logo_url,linkedin_logo_url,industries,markets,office_locations,stages,staff_count,email_domains,investors,description,slug,id
AliveCor,alivecor.com,https://alivecor.com,https://jobs.sequoiacap.com/companies/alivecor,https://jobs.sequoiacap.com/companies/alivecor,https://www.sequoiacap.com/companies/alivecor/,,,,,,,,,0,0,,,,,,,,,,"AliveCor is an FDA-cleared mobile heart solution that helps save lives, save money, and brings healthcare into the 21st century.",alivecor,14737
All Day Kitchens,allday.com,https://allday.com,https://jobs.sequoiacap.com/companies/all-day-kitchens-2,https://jobs.sequoiacap.com/companies/all-day-kitchens-2,https://www.sequoiacap.com/companies/all-day-kitchens-2/,,,,,,,,,0,0,,,,,,,,,,"All Day is building an editorial media brand and publishing technology for mobile-first Millennial audiences. The company leverages a network of owned and partner Social Media properties for content distribution and audience engagement, driving content sharing and virality. All Day’s network partners, writers, and editors manage posts, track analytics, and grow engagement through its CMS and Social distribution dashboard.  Today, All Day maintains and engages a growing audience on Social Media channels through owned and operated content brands with over 28 million followers, as well as a distribution network reaching over 200 million followers across Twitter, Facebook, and Instagram. Included among the company’s more popular social accounts are HistoryinPics and EarthPix on Twitter. Through these owned and partner accounts, All Day distributes highly visual and shareable editorial content, which is often featured on its destination site AllDay.com.",all-day-kitchens-2,56262
Alljoined,alljoined.com,https://alljoined.com,https://jobs.sequoiacap.com/companies/alljoined,https://jobs.sequoiacap.com/companies/alljoined,https://www.sequoiacap.com/companies/alljoined/,,,,,,,,,0,0,,,,,,,,,,"Alljoined interprets neural signals from consumer-grade EEG devices to translate thoughts, emotions, and intended actions into digital commands. Its technology focuses on enhancing interaction between humans and machines by enabling intuitive control and communication without physical input devices or implants. Alljoined’s work supports applications across accessibility, gaming, wellness, and human-computer interaction research, contributing to the broader advancement of neural signal processing and cognitive technology integration.",alljoined,3166742
Alpine Oral Tech,alpineot.com,https://alpineot.com,https://jobs.sequoiacap.com/companies/alpine-oral-tech,https://jobs.sequoiacap.com/companies/alpine-oral-tech,https://www.sequoiacap.com/companies/alpine-oral-tech/,,,,,,,,,0,0,,,,,,,,,,"Developer of an oral care device designed to reduce gum diseases and infections. The company's device is a professional flossing system used to deep clean between teeth and below the gumline by positioning water flossing jets paired with minty and tingly power rinse, enabling patients to improve oral health and get fresh breath.",alpine-oral-tech,14738
AltaRock Energy,altarockenergy.com,https://altarockenergy.com,https://jobs.sequoiacap.com/companies/altarock-energy-2,https://jobs.sequoiacap.com/companies/altarock-energy-2,https://www.sequoiacap.com/companies/altarock-energy-2/,,,,,,,,,0,0,,,,,,,,,,"AltaRock Energy is a renewable energy development company focused on the research and development of Engineered Geothermal Systems (“EGS”). AltaRock has filed patent applications for a portfolio of patents in the EGS area and holds exclusive licenses for related intellectual property.  The company has its corporate headquarters in Sausalito, CA, and its technology development office in Seattle, WA. Its principals include Don O'Shei, Chief Executive Officer, and Susan Petty, President/Chief Technology Officer and an AltaRock Energy founder.",altarock-energy-2,66381
Amyris,amyris.com,https://amyris.com,https://jobs.sequoiacap.com/companies/amyris,https://jobs.sequoiacap.com/companies/amyris,https://www.sequoiacap.com/companies/amyris/,,,,,,,,,0,0,,,,,,,,,,"Amyris Biotechnologies creates renewable products that focus on fuels and chemicals that provide no-compromise sustainable alternatives to a broad range of petroleum-sourced products. It uses an industrial synthetic biology platform that applies its innovative bioscience solutions to convert plant sugars into hydrocarbon molecules and produce specialty ingredients and consumer products. Its technology creates products that support biopharmaceutical drug discovery and production, from cosmetic emollients and fragrances to fuels, solvents, lubricants, and nutraceuticals.",amyris,105910
Anchorage Digital,anchorage.com,https://anchorage.com,https://jobs.sequoiacap.com/companies/anchorage-digital,https://jobs.sequoiacap.com/companies/anchorage-digital,https://www.sequoiacap.com/companies/anchorage-digital/,,,,,,,,,0,0,,,,,,,,,,"Anchorage Digital is a regulated crypto platform that provides institutions with integrated financial services and infrastructure solutions. With the only federally chartered crypto bank in the US, as well as Anchorage Digital Singapore, which offers equivalent security and service standards, Anchorage Digital provides institutions an unparalleled combination of secure custody, regulatory compliance, product breadth, and client service.  Founded in 2017, Anchorage Digital is valued at over $3 billion with funding from leading institutions including Andreessen Horowitz, GIC—Singapore’s sovereign wealth fund, Goldman Sachs, KKR, and Visa. Headquartered in San Francisco, California, Anchorage Digital is remote-friendly with offices in New York, New York; Porto, Portugal; Singapore; and Sioux Falls, South Dakota. Learn more at anchorage.com, on Twitter @Anchorage, and on LinkedIn.",anchorage-digital,13831
Anrok,anrok.com,https://anrok.com,https://jobs.sequoiacap.com/companies/anrok,https://jobs.sequoiacap.com/companies/anrok,https://www.sequoiacap.com/companies/anrok/,,,,,,,,,0,0,,,,,,,,,,"Anrok provides a software platform for global sales tax and VAT compliance. It handles integration with billing, payment, and HR systems to monitor tax exposure, validate VAT IDs, automate sales tax calculations, manage registrations, and coordinate filing and remittance processes. The company supports real-time tax collection, tracking of physical and economic nexus, and consolidated compliance reporting across jurisdictions. It offers no-code and API-based connections to finance stacks, facilitating audit-ready transaction logs and jurisdictional coverage for digital services and goods.",anrok,66139
Apton Biosystems,aptonbio.com,https://aptonbio.com,https://jobs.sequoiacap.com/companies/apton-biosystems,https://jobs.sequoiacap.com/companies/apton-biosystems,https://www.sequoiacap.com/companies/apton-biosystems/,,,,,,,,,0,0,,,,,,,,,,"Apton Biosystems develops an optical system designed for sequencing and protein detection, using super-resolution to assess molecules spaced closer than a wavelength of light. It enables biomarker discovery, early disease detection, and therapeutic monitoring, advancing preventive health and precision medicine.",apton-biosystems,14739
Arevo,arevo.com,https://arevo.com,https://jobs.sequoiacap.com/companies/arevo-2,https://jobs.sequoiacap.com/companies/arevo-2,https://www.sequoiacap.com/companies/arevo-2/,,,,,,,,,0,0,,,,,,,,,,"AREVO, based in Silicon Valley, California, develops technology to enable direct digital additive manufacturing of ultra-strong, lightweight composite parts for end-use applications in high volume.  With the company's unique combination of breakthrough materials, powerful design/build software, and free motion robotics for the first “true 3D” construction, AREVO is moving beyond prototypes by enabling the design and fabrication of large, mass-produced parts and structures, quickly leading 3D printing into mainstream manufacturing. AREVO provides designers and manufacturers with unprecedented freedom to unlock the unparalleled strength and weight of composite materials for a wide range of consumer and industrial products and has seen early success manufacturing CFRTP composite parts for OEM customers. With an initial focus on Aerospace, Defense, Consumer Electronics, Transportation, and Consumer Goods, AREVO is poised to optimize additive manufacturing services to OEMs worldwide.",arevo-2,31445
Arista Networks,arista.com,https://arista.com,https://jobs.sequoiacap.com/companies/arista-networks-2,https://jobs.sequoiacap.com/companies/arista-networks-2,https://www.sequoiacap.com/companies/arista-networks-2/,,,,,,,,,0,0,,,,,,,,,,"Arista Networks is the leader in building scalable, high-performance, and ultra-low-latency networks for today's data center and cloud computing environments.",arista-networks-2,24966
Arpeggio,arpeggiobio.com,https://arpeggiobio.com,https://jobs.sequoiacap.com/companies/arpeggio-2,https://jobs.sequoiacap.com/companies/arpeggio-2,https://www.sequoiacap.com/companies/arpeggio-2/,,,,,,,,,0,0,,,,,,,,,,"Arpeggio Biosciences leverages state-of-the-art sequencing approaches coupled with powerful machine learning to uncover novel insights into a compound's biological mechanism of action. The company is a diverse set of molecular biologists, computer scientists, and biotechnology enthusiasts passionate about understanding where, why, and how therapeutics work.",arpeggio-2,75513
Artrendex,artrendex.com,https://artrendex.com,https://jobs.sequoiacap.com/companies/artrendex-2-29ac4f94-1006-48df-9ba8-d18719b1e1de,https://jobs.sequoiacap.com/companies/artrendex-2-29ac4f94-1006-48df-9ba8-d18719b1e1de,https://www.sequoiacap.com/companies/artrendex-2-29ac4f94-1006-48df-9ba8-d18719b1e1de/,,,,,,,,,0,0,,,,,,,,,,"Artrendex provides unique and unprecedented solutions that help artists, galleries, and collectors worldwide achieve their aspirations.",artrendex-2-29ac4f94-1006-48df-9ba8-d18719b1e1de,1104138
Aslan,aslanprotects.com,https://aslanprotects.com,https://jobs.sequoiacap.com/companies/aslan-2-464433c2-43f8-4773-a679-95d1e1722acf,https://jobs.sequoiacap.com/companies/aslan-2-464433c2-43f8-4773-a679-95d1e1722acf,https://www.sequoiacap.com/companies/aslan-2-464433c2-43f8-4773-a679-95d1e1722acf/,,,,,,,,,0,0,,,,,,,,,,"Insidious acts have been accelerated by an opaque digital terrain that mutates, multiplies, and scatters faster than humans alone can confront. Aslan brings the sight, scale, and speed national security needs to confront them.",aslan-2-464433c2-43f8-4773-a679-95d1e1722acf,3594499
Astrus,astrus.ai,https://astrus.ai,https://jobs.sequoiacap.com/companies/astrus,https://jobs.sequoiacap.com/companies/astrus,https://www.sequoiacap.com/companies/astrus/,,,,,,,,,0,0,,,,,,,,,,AI to automate microchip design.,astrus,109068
At-Bay,at-bay.com,https://at-bay.com,https://jobs.sequoiacap.com/companies/at-bay,https://jobs.sequoiacap.com/companies/at-bay,https://www.sequoiacap.com/companies/at-bay/,,,,,,,,,0,0,,,,,,,,,,"At-Bay is the InsurSec provider for the digital age. By combining world-class technology with industry-leading insurance, At-Bay was designed from the ground up to empower businesses of every size to meet cyber risk head on. At-Bay Insurance Services, LLC provides insurance protection and security prevention solutions to close to 40,000 businesses in the US, safeguarding up to $800B in collective business revenue, and offers coverage by admitted and non-admitted insurers for Cyber, Technology Errors & Omissions (Tech E&O), and Miscellaneous Professional Liability (MPL). The At-Bay Group also includes an active full-stack insurance company and a cybersecurity company. At-Bay Security offers proprietary cybersecurity solutions including At-Bay Stance Managed Detection & Response (MDR).",at-bay,14741
AttackIQ,attackiq.com,https://attackiq.com,https://jobs.sequoiacap.com/companies/attackiq,https://jobs.sequoiacap.com/companies/attackiq,https://www.sequoiacap.com/companies/attackiq/,,,,,,,,,0,0,,,,,,,,,,"AttackIQ provides a Breach & Attack Simulation (BAS) platform that enables organizations to test and measure the effectiveness of their security controls. It supports the MITRE ATT&CK Matrix, a curated knowledge base and model for cyber adversary behavior used for planning security improvements and verifying security defenses work as expected.  Its security optimization platform is an open system for security control validation, SECOPS operator exercise, Red Team augmentation, and analytics. The platform allows teams to maximize their reach and capabilities, overcoming the limitations of time and resources. It also enables users to identify how individual assets in their security program respond to specific attacks.  AttackIQ was established in 2013 and its headquarters is in Los Altos, CA.",attackiq,35820
Augmenta Bioworks,augbio.com,https://augbio.com,https://jobs.sequoiacap.com/companies/augmenta-bioworks,https://jobs.sequoiacap.com/companies/augmenta-bioworks,https://www.sequoiacap.com/companies/augmenta-bioworks/,,,,,,,,,0,0,,,,,,,,,,Augmenta Bioworks focuses on the individual's immune profiling with the development of biologics therapeutics to treat various diseases.,augmenta-bioworks,32766
Automat,runautomat.com,https://runautomat.com,https://jobs.sequoiacap.com/companies/automat-2-7bd847db-2fd1-4a80-8b1f-c471047ea461,https://jobs.sequoiacap.com/companies/automat-2-7bd847db-2fd1-4a80-8b1f-c471047ea461,https://www.sequoiacap.com/companies/automat-2-7bd847db-2fd1-4a80-8b1f-c471047ea461/,,,,,,,,,0,0,,,,,,,,,,"Automat is building the infrastructure for agentic work. AI agents that don't just follow scripts but reason about goals, adapt to changing conditions, and operate any computer application autonomously — the same way a skilled employee would.  Today, that means replacing legacy automation tools (UIPATH, AUTOMATION ANYWHERE, BLUE PRISM) that rely on brittle selectors and armies of maintenance developers. Automat's agents use Computer Use technology — vision language models that see screens, read documents, and interact with software visually. They work on SAP, Encompass, MeridianLink, government portals, and any legacy system without APIs. When interfaces change, the agents adapt. No maintenance. No breakage. No Center of Excellence needed.  But the vision is bigger than RPA replacement. Automat is building toward a future where AI agents handle entire operational roles — not just individual tasks. Automat Workforce deploys AI employees that join teams on Slack, email, and existing tools to handle operations end-to-end: research, communication, coordination, document processing, and decision support. They learn how each team works and improve continuously.  The company operates as a managed service. Forward-deployed engineers build, deploy, and maintain every automation. Customers get outcomes without building internal automation teams. Deployments take days, not months.  Founded in 2023 by Lucas Ochoa (ex-Google X) and Gautam Bose (ex-Google Chrome/GCP). Headquartered in San Francisco. Backed by Felicis Ventures (Series A lead), Khosla Ventures, Initialized Capital, and Y Combinator. $19M raised.  Customers include Fortune 500 manufacturers, mortgage lenders, insurance carriers, and fintech companies. Results: 80% cost reduction per process, 2,400+ daily runs at scale, deployments measured in days.  Certifications: SOC 2, HIPAA, GDPR, ISO 27001.",automat-2-7bd847db-2fd1-4a80-8b1f-c471047ea461,631144
Ava,ava.me,https://ava.me,https://jobs.sequoiacap.com/companies/ava,https://jobs.sequoiacap.com/companies/ava,https://www.sequoiacap.com/companies/ava/,,,,,,,,,0,0,,,,,,,,,,Ava develops a live captioning platform that uses AI to transcribe what people say. It is committed to total accessibility for the 466M deaf/hard of hearing worldwide.,ava,4982
Aven,aven.com,https://aven.com,https://jobs.sequoiacap.com/companies/aven,https://jobs.sequoiacap.com/companies/aven,https://www.sequoiacap.com/companies/aven/,,,,,,,,,0,0,,,,,,,,,,"We are reinventing consumer credit. We wildly reduce the cost of capital by using technology to easily tap into people’s assets. Our first product is the world's lowest APR credit card – backed by home equity. Using many patented technologies, we sped up a process that usually takes 4-6 weeks and thousands of dollars down to as fast as 15 minutes and $0 to get.  Aven cardholders have saved over $200M with Aven since its founding in 2019.  Investors include Founders Fund, Khosla Ventures, Sequoia, Caffeinated Capital, General Catalyst, NYCA, Max Levchin, among others. The Aven team comprises leaders from leading financial services and fintech companies—Goldman Sachs, Capital One—as well as technology companies such as Meta, Microsoft, Uber, Tesla, and Square.  Aven has been named to the Forbes Fintech 50 and the GGV Capital Fintech Innovation 50.",aven,32949
Avvir,avvir.io,https://avvir.io,https://jobs.sequoiacap.com/companies/avvir,https://jobs.sequoiacap.com/companies/avvir,https://www.sequoiacap.com/companies/avvir/,,,,,,,,,0,0,,,,,,,,,,"Avvir works seamlessly with its existing systems from photo capture to construction workflow management to laser scans and 360 photos. Their platform helps them identify potential risks and slowdowns, plus save time and money by automating their progress and earned value tracking, quality control, and as-built creation.",avvir,20404
Ayasdi,ayasdi.com,https://ayasdi.com,https://jobs.sequoiacap.com/companies/ayasdi-2,https://jobs.sequoiacap.com/companies/ayasdi-2,https://www.sequoiacap.com/companies/ayasdi-2/,,,,,,,,,0,0,,,,,,,,,,"SymphonyAI Sensa provides unsurpassed crime detection services to financial institutions worldwide. Powered by a proprietary combination of advanced AI and machine learning, Sensa discovers criminal activity routinely unseen by other detection systems. Customers have achieved up to an 81x risk-to-alert ratio improvement, a 263% increase in SARs, and as much as a 77% reduction in false positives. Coupled with predictive insights, operational efficiencies are gained by identifying genuine anomalies from the customers’ current data set. Sensa is user-friendly and delivers fully explainable results to satisfy regulators. Learn more at www.symphonysensa.com, LinkedIn, or Twitter.",ayasdi-2,11905
Azibo,azibo.com,https://azibo.com,https://jobs.sequoiacap.com/companies/azibo,https://jobs.sequoiacap.com/companies/azibo,https://www.sequoiacap.com/companies/azibo/,,,,,,,,,0,0,,,,,,,,,,"Azibo is a financial services platform for rental properties that provides solutions for rent collection, banking, lending, and insurance. The company was founded in 2018 and is headquartered in Reno, Nevada.",azibo,58284
Backpack,backpackbang.com,https://backpackbang.com,https://jobs.sequoiacap.com/companies/backpack,https://jobs.sequoiacap.com/companies/backpack,https://www.sequoiacap.com/companies/backpack/,,,,,,,,,0,0,,,,,,,,,,Backpack is a peer-to-peer platform that connects travelers and shoppers to give everyone access to all the products in the world.,backpack,5817
BambooHR LLC,bamboohr.com,https://bamboohr.com,https://jobs.sequoiacap.com/companies/bamboohr-llc,https://jobs.sequoiacap.com/companies/bamboohr-llc,https://www.sequoiacap.com/companies/bamboohr-llc/,,,,,,,,,0,0,,,,,,,,,,BambooHR is online HR software for small and medium-sized businesses that have outgrown using spreadsheets to manage their employee information.  BambooHR is a Software-as-a-Service (SaaS) company that provides small and medium-sized businesses with subscription-based online HR software. HR professionals often refer to this type of software as a Human Resources Information System (HRIS) or Human Resource Management System (HRMS). BambooHR’s clients typically have between 50 and 500 employees and have outgrown the ability to use spreadsheets to track and manage their employee information.,bamboohr-llc,101445
Basis,getbasis.ai,https://getbasis.ai,https://jobs.sequoiacap.com/companies/basis-3-0a2d4969-0a46-44a8-aff3-5f9dd147df30,https://jobs.sequoiacap.com/companies/basis-3-0a2d4969-0a46-44a8-aff3-5f9dd147df30,https://www.sequoiacap.com/companies/basis-3-0a2d4969-0a46-44a8-aff3-5f9dd147df30/,,,,,,,,,0,0,,,,,,,,,,"Basis is an AI platform that equips accounting professionals with autonomous agents capable of understanding, learning, and executing complex accounting workflows under directed instruction. Its platform integrates with existing accounting systems and ledgers to perform tasks such as transaction processing, reconciliations, and financial statement preparation, adapting to specific client needs rather than relying on rigid rules. Basis’s AI agents automate routine work, generating outputs ready for review and allowing accountants to shift focus toward higher-value activities like judgment application and advisory tasks. The platform supports a range of practice areas, including client accounting services, tax, audit, and advisory, with systems designed to conform to firm standards and practices. Basis positions its technology alongside existing software ecosystems so that accounting teams can leverage agentic automation within familiar environments. The solution aims to enhance workflow efficiency by reducing manual effort and enabling professionals to oversee and manage intelligent agents at scale. Basis’s offerings are oriented toward improving internal processes for accounting firms and augmenting the capabilities of practitioners with adaptive AI assistance.",basis-3-0a2d4969-0a46-44a8-aff3-5f9dd147df30,1066823
Because Market,becausemarket.com,https://becausemarket.com,https://jobs.sequoiacap.com/companies/because-market,https://jobs.sequoiacap.com/companies/because-market,https://www.sequoiacap.com/companies/because-market/,,,,,,,,,0,0,,,,,,,,,,"Because is a high growth, direct-to-consumer personal care company focused on older adults. We started in 2017 with a simple idea - to make it easier for our families to get the products they needed. Today, we are on our way to becoming the #1 trusted brand for older adults, with the goal of helping millions lead vibrant, independent lives. We’ve raised over $40M in funding from top VC firms including Index Ventures and Khosla Ventures, and are grateful for the support of our customers, partners, and investors.",because-market,14807
Berkshire Grey,berkshiregrey.com,https://berkshiregrey.com,https://jobs.sequoiacap.com/companies/berkshire-grey,https://jobs.sequoiacap.com/companies/berkshire-grey,https://www.sequoiacap.com/companies/berkshire-grey/,,,,,,,,,0,0,,,,,,,,,,"Berkshire Grey develops a materials handling system intended to automate omnichannel fulfillment. Its system utilizes Artificial Intelligence, Computer Vision, Machine Learning, and novel sensing to deploy intelligent robotic systems that automate tasks never before performed by machines in commercial settings, enabling customers to achieve higher accuracy and throughput speeds than traditional approaches as well as handle the broadest assortment of products, packaging, and parcels with ease.",berkshire-grey,14743
Bidgely,bidgely.com,https://bidgely.com,https://jobs.sequoiacap.com/companies/bidgely,https://jobs.sequoiacap.com/companies/bidgely,https://www.sequoiacap.com/companies/bidgely/,,,,,,,,,0,0,,,,,,,,,,"Bidgely (which means ""Electricity"" in Hindi) is an energetic and innovative startup working on something that has never been done before. They have developed ground-breaking analytics that can itemize home energy usage data to the appliance level without using any plug-level monitors. Now, they are setting out to deliver this technology to millions of households across the world and help save energy on a large scale.",bidgely,14744
BIOAGE LABS,bioagelabs.com,https://bioagelabs.com,https://jobs.sequoiacap.com/companies/bioage-labs-2,https://jobs.sequoiacap.com/companies/bioage-labs-2,https://www.sequoiacap.com/companies/bioage-labs-2/,,,,,,,,,0,0,,,,,,,,,,"BIOAGE discovers and develops drugs to treat aging and associated diseases. The company's primary initiative, Azelaprag, is an oral APJ agonist on track for Phase 2 trials in conjunction with Tirzepatide to potentially become a groundbreaking treatment for obesity in the elderly.",bioage-labs-2,8445
BioConsortia,bioconsortia.com,https://bioconsortia.com,https://jobs.sequoiacap.com/companies/bioconsortia,https://jobs.sequoiacap.com/companies/bioconsortia,https://www.sequoiacap.com/companies/bioconsortia/,,,,,,,,,0,0,,,,,,,,,,"BioConsortia is developing highly effective microbial consortia for increasing agricultural yields. Soil and plant-associated microbes interact with and supplement the functions encoded by the crop genome. Opportunities abound to exploit these plant-microbe interactions, but overwhelming complexity and the huge amount of genetic diversity have hindered the realization of these by conventional R&D methods. BioConsortia has developed a revolutionary Advanced Microbial Selection (AMS) process for crop trait enhancement that uses iterative rounds of plant phenotyping and selection to co-select for beneficial changes in the microbiome. Isolates are obtained from the microbiome of plants expressing the desired traits and are developed as consortia for application as a commercial seed treatment, drench, or granule product. We have a pipeline of products for increased fertilizer utilization, growth improvement, and other beneficial crop traits, such as abiotic tolerance and enhanced metabolite expression.",bioconsortia,14745
Bionaut Labs,bionautlabs.com,https://bionautlabs.com,https://jobs.sequoiacap.com/companies/bionaut-labs,https://jobs.sequoiacap.com/companies/bionaut-labs,https://www.sequoiacap.com/companies/bionaut-labs/,,,,,,,,,0,0,,,,,,,,,,"Bionaut Labs revolutionizes the treatment of Central Nervous System disorders with its precision medicine treatment modality. By creating a new medical modality of remote-controlled micro-robots called Bionauts, the company can transform the way the biopharmaceutical industry develops treatments, allowing them to engineer the therapeutic index for efficacy and maintain safety.  Bionaut Labs is focused on helping patients suffering from debilitating brain diseases who have few available treatment options. The anatomical targeting capabilities of the Bionaut platform make new therapeutics technologies such as gene therapy, CRISPR-Cas9, and oncolytic viruses viable in challenging clinical settings.",bionaut-labs,10970
Bitwise Asset Management,bitwiseinvestments.com,https://bitwiseinvestments.com,https://jobs.sequoiacap.com/companies/bitwise-asset-management-2,https://jobs.sequoiacap.com/companies/bitwise-asset-management-2,https://www.sequoiacap.com/companies/bitwise-asset-management-2/,,,,,,,,,0,0,,,,,,,,,,"Bitwise is a crypto-specialist asset manager for individuals, investment managers, and institutions navigating cryptocurrency. The company offers a suite of 32 investment solutions, including yield and alpha strategies, multi-strategy solutions, separately managed accounts, on-chain staking, index funds, Bitcoin ETPs, and more. By serving as a specialist partner, it enables clients to access the opportunities that meet their objectives.",bitwise-asset-management-2,26303
Black Ore,blackore.ai,https://blackore.ai,https://jobs.sequoiacap.com/companies/black-ore,https://jobs.sequoiacap.com/companies/black-ore,https://www.sequoiacap.com/companies/black-ore/,,,,,,,,,0,0,,,,,,,,,,"Black Ore Technologies is an AI-driven financial services company. It develops and creates an AI product called Tax Autopilot that offers end-to-end 1040 tax prep automation for CPAs and tax firms. Black Ore Technologies was founded in 2022 and is based in Texas, USA.",black-ore,804127
Blockstream,blockstream.com,https://blockstream.com,https://jobs.sequoiacap.com/companies/blockstream,https://jobs.sequoiacap.com/companies/blockstream,https://www.sequoiacap.com/companies/blockstream/,,,,,,,,,0,0,,,,,,,,,,"Blockstream is a blockchain technology supplier that has remained at the forefront of cryptography and distributed system research. Their products and services form the foundation for the financial infrastructure of the future. Blockstream offers a range of key products and services designed to enhance Bitcoin and blockchain functionality. Notable offerings include Blockstream Satellite, which broadcasts the Bitcoin blockchain via satellite for users without internet access, and the Liquid Network, a sidechain solution that enables faster and more confidential transactions. Their Green Wallet is a non-custodial Bitcoin wallet focused on security and user control. Additionally, Blockstream provides blockchain APIs for developers to integrate blockchain functionalities into their applications, along with solutions for efficient Bitcoin mining operations. They also focus on cryptographic proofs to enhance privacy and security in transactions. Together, these products aim to improve the usability and capabilities of Bitcoin and blockchain technologies.",blockstream,4843
Bloop.ai,bloop.ai,https://bloop.ai,https://jobs.sequoiacap.com/companies/bloop-ai-2,https://jobs.sequoiacap.com/companies/bloop-ai-2,https://www.sequoiacap.com/companies/bloop-ai-2/,,,,,,,,,0,0,,,,,,,,,,Bloop.ai is an extension for a code editor that surfaces code examples from each library’s official documentation.,bloop-ai-2,62260
Blue River Technology,bluerivertechnology.com,https://bluerivertechnology.com,https://jobs.sequoiacap.com/companies/blue-river-technology-2-e9429084-eb26-4923-9bfb-9799fe31a446,https://jobs.sequoiacap.com/companies/blue-river-technology-2-e9429084-eb26-4923-9bfb-9799fe31a446,https://www.sequoiacap.com/companies/blue-river-technology-2-e9429084-eb26-4923-9bfb-9799fe31a446/,,,,,,,,,0,0,,,,,,,,,,"Blue River Technology provides intelligent machinery that solves monumental challenges for customers. Their equipment uses See and Spray technology to reduce the use of chemicals in food production by optimizing agricultural methods through robotics systems. Their systems automatically recognize plants and make decisions about which crop plants to thin or identify weeds to eliminate, enabling farmers to use methods for farming.",blue-river-technology-2-e9429084-eb26-4923-9bfb-9799fe31a446,1409672
Boku,boku.com,https://boku.com,https://jobs.sequoiacap.com/companies/boku,https://jobs.sequoiacap.com/companies/boku,https://www.sequoiacap.com/companies/boku/,,,,,,,,,0,0,,,,,,,,,,"Boku Identity is the industry's end-to-end identity verification solution. By combining identity verification and authentication capabilities with the Boku Platform, which aggregates and harmonizes mobile network operator systems across 58 countries worldwide, Boku Identity helps global enterprises across multiple industries effectively reduce identity fraud, drive conversions, ensure compliance, and deliver a superior customer experience. Boku Identity’s privacy-by-design and tokenized identity architecture enables these businesses to onboard and service their customers worldwide while maintaining security and preserving user privacy.",boku,14746
Bold,agebold.com,https://agebold.com,https://jobs.sequoiacap.com/companies/bold-3-18ab61fe-052d-4423-b459-4bf80ce9c8a5,https://jobs.sequoiacap.com/companies/bold-3-18ab61fe-052d-4423-b459-4bf80ce9c8a5,https://www.sequoiacap.com/companies/bold-3-18ab61fe-052d-4423-b459-4bf80ce9c8a5/,,,,,,,,,0,0,,,,,,,,,,"Bold is an at-home digital fitness program designed to help older adults live their strongest, happiest, and healthiest lives. As a member, you’ll enjoy instant access to expert trainers, scientific assessments, and personalized workout plans to help you improve your strength, flexibility, and balance — so you can chase the life you want, at any age.",bold-3-18ab61fe-052d-4423-b459-4bf80ce9c8a5,30691
Breeze,breezeai.com,https://breezeai.com,https://jobs.sequoiacap.com/companies/breeze-2-1d1d81af-c4ee-4733-8fc3-b8526b523bd3,https://jobs.sequoiacap.com/companies/breeze-2-1d1d81af-c4ee-4733-8fc3-b8526b523bd3,https://www.sequoiacap.com/companies/breeze-2-1d1d81af-c4ee-4733-8fc3-b8526b523bd3/,,,,,,,,,0,0,,,,,,,,,,"Breeze is a fully automated and digital insurance solution, specifically tailored for freight forwarders and logistics companies, backed by advanced technology, big data, and an industry-first machine learning platform.  Breeze’s digital insurance solution fully integrates with existing systems and workflows, allowing forwarders and logistics companies to seamlessly offer shippers better protection for their cargo (from issuing insurance policies to end-to-end claims processing), while also generating more revenue for their business.  There are no implementation costs or any operational effort to setting up Breeze’s platform, and it can take minutes to be up and running. For more information, visit breezeai.com.",breeze-2-1d1d81af-c4ee-4733-8fc3-b8526b523bd3,921440
Bridge International Academies,bridgeinternationalacademies.com,https://bridgeinternationalacademies.com,https://jobs.sequoiacap.com/companies/bridge-international-academies,https://jobs.sequoiacap.com/companies/bridge-international-academies,https://www.sequoiacap.com/companies/bridge-international-academies/,,,,,,,,,0,0,,,,,,,,,,"Bridge International Academies is an operator of scholastic academy services used to provide education to underprivileged children. Its services provide lessons based on national curricula, develop in-depth teacher training and programs, and use cutting-edge wireless technology that enables underprivileged children to get the right education, free of cost, for a brighter future.",bridge-international-academies,1224
Broccoli Ai,broccoli.com,https://broccoli.com,https://jobs.sequoiacap.com/companies/broccoli-ai,https://jobs.sequoiacap.com/companies/broccoli-ai,https://www.sequoiacap.com/companies/broccoli-ai/,,,,,,,,,0,0,,,,,,,,,,"Martian Mobility (doing business as Broccoli AI) is a company that provides a platform for home service businesses. It offers AI agents for customer calls, job bookings, etc. The platform caters to plumbing, electrical, and HVAC businesses.",broccoli-ai,3497019
Bubbles,usebubbles.com,https://usebubbles.com,https://jobs.sequoiacap.com/companies/bubbles,https://jobs.sequoiacap.com/companies/bubbles,https://www.sequoiacap.com/companies/bubbles/,,,,,,,,,0,0,,,,,,,,,,"Bubbles is a collaboration tool that lets you tag anything on screen and invite teammates to discuss in context. Get excited by organic growth and viral loops, and less so by paid advertising. Are active on one or more social platforms like Medium, Twitter, Product Hunt, etc.   It was founded in 2018 and is based in San Francisco, California.",bubbles,29891
Bungalow,bungalow.com,https://bungalow.com,https://jobs.sequoiacap.com/companies/bungalow,https://jobs.sequoiacap.com/companies/bungalow,https://www.sequoiacap.com/companies/bungalow/,,,,,,,,,0,0,,,,,,,,,,"Bungalow is a residential real estate platform that provides renters with a more convenient, flexible, and communal living solution. It utilizes existing housing supply by signing long-term leases with homeowners and offers multi-bedroom homes in some of the most desirable neighborhoods in cities throughout the United States.  Bungalow offers private bedrooms with handpicked housemates in beautifully furnished homes across seven major cities. Each home comes furnished and includes WiFi, utilities, housekeeping, and monthly community events for members.  Andrew Collins and Justin McCarty founded Bungalow in 2016. Its headquarters is in San Francisco, California.",bungalow,14747
Cadre,cadre.com,https://cadre.com,https://jobs.sequoiacap.com/companies/cadre,https://jobs.sequoiacap.com/companies/cadre,https://www.sequoiacap.com/companies/cadre/,,,,,,,,,0,0,,,,,,,,,,"Cadre is an online marketplace that connects investors and operators of real estate. It enables investments and transactions, provides a sophisticated technology product for managing processes, and powers predictive analytics for its investors. Investors are able to sell their interest on the secondary marketplace, thereby introducing liquidity into an antiquated industry. They are able to gain transparency, efficiency, and liquidity through the use of its proprietary technology and are able to make better, more data-driven decisions. Founded by Ryan Williams, Cadre was launched in 2014.",cadre,1422
Caelux Corporation,caelux.com,https://caelux.com,https://jobs.sequoiacap.com/companies/caelux-corporation-2,https://jobs.sequoiacap.com/companies/caelux-corporation-2,https://www.sequoiacap.com/companies/caelux-corporation-2/,,,,,,,,,0,0,,,,,,,,,,"Caelux is a renewable energy company that develops perovskite-on-glass technology for the terrestrial solar and commercial space industries. The company's product helps minimize the amount of semiconducting material used. This improves solar device efficiency and reduces production costs.  Caelux Corporation was founded in 2014 and is based in Pasadena, California.",caelux-corporation-2,248489
Calimero Network,calimero.network,https://calimero.network,https://jobs.sequoiacap.com/companies/calimero-network-2,https://jobs.sequoiacap.com/companies/calimero-network-2,https://www.sequoiacap.com/companies/calimero-network-2/,,,,,,,,,0,0,,,,,,,,,,Calimero Network is a blockchain infrastructure that helps clients in controlling data. Calimero Network was founded in 2022 and was headquartered in London.,calimero-network-2,75441
Canary,canary.is,https://canary.is,https://jobs.sequoiacap.com/companies/canary,https://jobs.sequoiacap.com/companies/canary,https://www.sequoiacap.com/companies/canary/,,,,,,,,,0,0,,,,,,,,,,"Canary is a Consumer IoT SaaS business and an IoT category leader with IoT users in over 180 countries. The company's mission is to enhance consumers' lives by making modern technologies useful, easy, affordable, and safe - IoT for everyone. The company offers DIY smart home security and monitoring SaaS subscription bundles that include 24/7 watch live video, AI-driven motion alerts, video history, and many more advanced features. All bundles also include a FREE device from the company's award-winning designed HD Wi-Fi enabled cameras, for indoor and outdoor, both battery powered and wired. The subscribers can choose depending on their individual needs a subscription with a basic camera or an all-in-one device with sensors such as air quality monitoring and a siren. The subscription plans are available as prepaid or auto-renewed monthly, 1 and 2 year plans. Founded in 2012, the company was acquired by its peer Smartfrog in 2018. The two businesses were then merged into Smartfrog and Canary Holdings, headquartered in NYC. The group's full-stack platform and value chain is end-to-end controlled and protected by over 100 patents. The platform enables data-driven businesses, offering SaaS solutions across product areas, supporting people from infancy to seniority, accompanying them through their whole life. Starting with Smart Home Security, the business is gradually scaling to new verticals such as Smart Locks and Access, Last Mile In-Home Delivery, Baby and Child Care, Pet Care, Elder- and Healthcare. The group grows both organically and through mergers and acquisitions.",canary,16588
Cape Analytics,capeanalytics.com,https://capeanalytics.com,https://jobs.sequoiacap.com/companies/cape-analytics-2-2dca6363-4c31-4544-ae64-8262a95b58d8,https://jobs.sequoiacap.com/companies/cape-analytics-2-2dca6363-4c31-4544-ae64-8262a95b58d8,https://www.sequoiacap.com/companies/cape-analytics-2-2dca6363-4c31-4544-ae64-8262a95b58d8/,,,,,,,,,0,0,,,,,,,,,,"Cape Property Intelligence is a Moody's product offering that provides AI-powered, geospatial property intelligence for buildings across the United States, Canada, and Australia.  Cape enables residential and commercial property stakeholders, including insurance carriers and financial institutions, to instantly access valuable and predictive property insights and risk scores. Cape Property Intelligence provides the accuracy and detail that typically requires an on-site property inspection, but with unparalleled immediacy and coverage.",cape-analytics-2-2dca6363-4c31-4544-ae64-8262a95b58d8,2627
CareLuLu,carelulu.com,https://carelulu.com,https://jobs.sequoiacap.com/companies/carelulu,https://jobs.sequoiacap.com/companies/carelulu,https://www.sequoiacap.com/companies/carelulu/,,,,,,,,,0,0,,,,,,,,,,"CareLuLu is the easiest way for parents to find a daycare or preschool that fits their family's needs.   CareLuLu's online marketplace allows parents to quickly find and compare child care options. It is not just another listing of daycares in the area. With CareLuLu, parents can avoid the hassle of searching through dozens of websites and find all the information they want in one place.   CareLuLu was created to help families find a great daycare or preschool that’s right for them, whether it's the budget, teaching philosophy, or specific services they're looking for. The personalized search, detailed daycare profiles with tuition rates and photos, and verified parent reviews make it easy for parents to find safe and affordable child care!",carelulu,14856
Careswitch,careswitch.com,https://careswitch.com,https://jobs.sequoiacap.com/companies/careswitch,https://jobs.sequoiacap.com/companies/careswitch,https://www.sequoiacap.com/companies/careswitch/,,,,,,,,,0,0,,,,,,,,,,"Careswitch is rethinking the home care industry to increase opportunities and well-being for all those involved. They provide a single software platform that streamlines and automates the operations of a home care company to enhance its efficiency. Care planning, scheduling, documentation, and payroll are handled by this surprisingly straightforward software. It also contains the sole carer app that has been shown to facilitate caregiving tasks and reduce errors.",careswitch,20395
Casca,casca.com,https://casca.com,https://jobs.sequoiacap.com/companies/casca,https://jobs.sequoiacap.com/companies/casca,https://www.sequoiacap.com/companies/casca/,,,,,,,,,0,0,,,,,,,,,,"Casca debuted its Avro sneaker model, which features a custom 3D-printed insole designed to create a more precise fit and comfort. Avro can be customized through Casca’s iOS or Android app and is printed according to arch and foot measurements. The shoes and custom-fitted insoles are then delivered to the customer within 14 days.",casca,25760
Catch,catch.co,https://catch.co,https://jobs.sequoiacap.com/companies/catch,https://jobs.sequoiacap.com/companies/catch,https://www.sequoiacap.com/companies/catch/,,,,,,,,,0,0,,,,,,,,,,"Catch is redesigning benefits to put people at the center of their own financial stability and security. For freelancers, contractors, and workers without access to employer benefits, Catch automatically handles tax withholding, builds long-term investment savings, and provides critical insurance products. In creating a personalized safety net, Catch envisions a world where individuals can leverage data-driven curation and timely insights to gain full agency over changing needs.",catch,13754
Ceibo,ceibo.tech,https://ceibo.tech,https://jobs.sequoiacap.com/companies/ceibo-2,https://jobs.sequoiacap.com/companies/ceibo-2,https://www.sequoiacap.com/companies/ceibo-2/,,,,,,,,,0,0,,,,,,,,,,Ceibo has a unique and proprietary technology for leaching copper sulphide and has developed and deployed a set of technologies for suppressing dust in mining operations. Ceibo is currently operating in several large mining assets of some of the largest mining companies in the world.,ceibo-2,1104117
CellFE,cellfebiotech.com,https://cellfebiotech.com,https://jobs.sequoiacap.com/companies/cellfe,https://jobs.sequoiacap.com/companies/cellfe,https://www.sequoiacap.com/companies/cellfe/,,,,,,,,,0,0,,,,,,,,,,CellFE is a company developing a microfluidics-based device to deliver gene-editing molecules. CellFE developed a microfluidic device and process that can efficiently deliver gene-editing molecules into human cells.,cellfe,1104132
Cellino,cellinobio.com,https://cellinobio.com,https://jobs.sequoiacap.com/companies/cellino-2,https://jobs.sequoiacap.com/companies/cellino-2,https://www.sequoiacap.com/companies/cellino-2/,,,,,,,,,0,0,,,,,,,,,,"Cellino is building an ultra-scalable biomanufacturing technology stack for personalized cell, tissue, and organ replacement therapies. Cellino’s vision is to transform medicine to enhance healthspan for billions across generations.",cellino-2,13468
Cellular Intelligence,cellularintelligence.com,https://cellularintelligence.com,https://jobs.sequoiacap.com/companies/cellular-intelligence-2,https://jobs.sequoiacap.com/companies/cellular-intelligence-2,https://www.sequoiacap.com/companies/cellular-intelligence-2/,,,,,,,,,0,0,,,,,,,,,,"Cellular Intelligence is an AI-native TechBio company building the first universal virtual cell- signaling model to decode and control the complex language of cells. Using our proprietary capsule technology, we generate dynamic cellular data at over 1,000x higher efficiency than existing methods. We train large-scale predictive models on this data to design and optimize regenerative medicine protocols, predict drug responses, and model disease mechanisms. Cellular Intelligence is based in Boston and founded by leading AI entrepreneurs and world-class scientists, engineers, and operators. We are backed by over $62 million from investors like Khosla Ventures and the Chan Zuckerberg Initiative.",cellular-intelligence-2,5816998
Chain,chain.com,https://chain.com,https://jobs.sequoiacap.com/companies/chain-2,https://jobs.sequoiacap.com/companies/chain-2,https://www.sequoiacap.com/companies/chain-2/,,,,,,,,,0,0,,,,,,,,,,"Chain built cryptographic ledger systems to make financial services smarter, more secure, and more connected. Customers included market leaders like VISA, NASDAQ, and Citigroup, as well as start-ups building novel financial products.",chain-2,1104133
CHARM Therapeutics,charmtx.com,https://charmtx.com,https://jobs.sequoiacap.com/companies/charm-therapeutics,https://jobs.sequoiacap.com/companies/charm-therapeutics,https://www.sequoiacap.com/companies/charm-therapeutics/,,,,,,,,,0,0,,,,,,,,,,"Charm Therapeutics designs and develops a new generation of small-molecule therapeutics that target the interaction between menin and the KMT2A protein, a key driver of Acute Myeloid Leukemia (AML), using its proprietary AI-powered platform called DragonFold. The company’s lead program is a menin inhibitor optimized to maintain activity against all known clinical resistance mutations while minimizing safety and drug-interaction risks. Charm Therapeutics employs protein-ligand co-folding intelligence to inform molecular design, advancing its pipeline from preclinical stages toward the clinic.",charm-therapeutics,74859
Checkr,checkr.com,https://checkr.com,https://jobs.sequoiacap.com/companies/checkr,https://jobs.sequoiacap.com/companies/checkr,https://www.sequoiacap.com/companies/checkr/,,,,,,,,,0,0,,,,,,,,,,"Checkr is a software company that provides background screening and workforce monitoring services for businesses. Its platform includes features such as criminal record checks, employment and education verifications, driving record assessments, drug testing, and international screenings. Employers can initiate background checks through a dashboard, selecting screening packages tailored to specific job requirements. The process involves candidates providing necessary information and consent, with both parties able to track progress via the platform. Checkr's services are utilized by companies across various industries, including gig economy platforms and traditional employers. The company emphasizes compliance with relevant hiring laws and aims to streamline the screening process through technology.",checkr,5580
Citus Data,citusdata.com,https://citusdata.com,https://jobs.sequoiacap.com/companies/citus-data,https://jobs.sequoiacap.com/companies/citus-data,https://www.sequoiacap.com/companies/citus-data/,,,,,,,,,0,0,,,,,,,,,,"Citus Data scales out PostgreSQL, taking relational power further for real-time applications. The CitusDB database offers a unique combination of massive parallelism, real-time reads/writes, and rich PostgreSQL expressiveness including native support for JSON data. The result is an extensible distributed database with an open ecosystem that powers interactive analytics and operational workloads -- making it simple for organizations to ingest, explore and aggregate billions of events on the fly.  Based in San Francisco, Citus Data is a Y Combinator alumnus and is backed by investors that include Data Collective, Bullpen Capital, and SV Angel. The CitusDB database is used by enterprises across multiple verticals, including e-commerce, retail, security, ad-tech, and mobile analytics, and is available for download from the company’s website at www.citusdata.com.",citus-data,5561
Clara Health,clarahealth.com,https://clarahealth.com,https://jobs.sequoiacap.com/companies/clara-health,https://jobs.sequoiacap.com/companies/clara-health,https://www.sequoiacap.com/companies/clara-health/,,,,,,,,,0,0,,,,,,,,,,Clara is a software platform that streamlines the process of participating in clinical trials. The platform helps patients to find and connect with clinical trials.,clara-health,12846
Clear Labs,clearlabs.com,https://clearlabs.com,https://jobs.sequoiacap.com/companies/clear-labs,https://jobs.sequoiacap.com/companies/clear-labs,https://www.sequoiacap.com/companies/clear-labs/,,,,,,,,,0,0,,,,,,,,,,"Clear Labs offers next-generation sequencing and data analytics for infectious disease surveillance and food safety testing. The company's platforms, Clear Dx™ and Clear Safety™, enable rapid identification of pathogens and support public health initiatives. The company focuses on delivering actionable insights to enhance safety and operational efficiency in various sectors.",clear-labs,12803
Cloaked,cloaked.app,https://cloaked.app,https://jobs.sequoiacap.com/companies/cloaked,https://jobs.sequoiacap.com/companies/cloaked,https://www.sequoiacap.com/companies/cloaked/,,,,,,,,,0,0,,,,,,,,,,"Cloaked offers People-First, everyday privacy solutions. We enable people to generate virtual identities to protect their personal privacy. Generate unlimited emails, phone numbers, passwords, and credit cards (coming soon) — for every website, purchase, app, and situationship.",cloaked,67147
CloudTrucks,cloudtrucks.com,https://cloudtrucks.com,https://jobs.sequoiacap.com/companies/cloudtrucks,https://jobs.sequoiacap.com/companies/cloudtrucks,https://www.sequoiacap.com/companies/cloudtrucks/,,,,,,,,,0,0,,,,,,,,,,"CloudTrucks develops a virtual trucking carrier application designed to reduce operating costs for truck drivers. The platform helps to manage and book loads from brokers and shippers, offers instant payments after load delivery, and provides access to cheap insurance options, enabling truck owners and operators to strategize their schedule and design a revenue-maximizing driving program.  The company was founded in 2019 and is headquartered in San Francisco, California.",cloudtrucks,24691
Cobot,co.bot,https://co.bot,https://jobs.sequoiacap.com/companies/cobot-2-78ddc5fe-4d32-40b2-83f1-bcca662b07a6,https://jobs.sequoiacap.com/companies/cobot-2-78ddc5fe-4d32-40b2-83f1-bcca662b07a6,https://www.sequoiacap.com/companies/cobot-2-78ddc5fe-4d32-40b2-83f1-bcca662b07a6/,,,,,,,,,0,0,,,,,,,,,,"Collaborative Robotics is a team of innovators and builders redefining the future of human-robot interaction. A future in which robots are trustworthy extensions of the environment. They operate, adapt, and react in response.",cobot-2-78ddc5fe-4d32-40b2-83f1-bcca662b07a6,87523
Coda,coda.io,https://coda.io,https://jobs.sequoiacap.com/companies/coda-io,https://jobs.sequoiacap.com/companies/coda-io,https://www.sequoiacap.com/companies/coda-io/,,,,,,,,,0,0,,,,,,,,,,"Coda creates online documents and the utility of applications into a single new canvas.  Coda blends the flexibility of a document, the power of a spreadsheet, and the utility of applications into a single new canvas, enabling anyone to make a doc as powerful as an app. Coda is something entirely new that looks and feels familiar. Makers start with a blank canvas and a familiar blinking cursor but can use a new set of building blocks like tables that act like databases or buttons that take action to create their own unique solutions.",coda-io,22002
Cognition IP,cognitionip.com,https://cognitionip.com,https://jobs.sequoiacap.com/companies/cognition-ip,https://jobs.sequoiacap.com/companies/cognition-ip,https://www.sequoiacap.com/companies/cognition-ip/,,,,,,,,,0,0,,,,,,,,,,"Cognition IP is a San Francisco-based intellectual property law firm with partners who have represented some of the most recognizable companies in the world in many aspects of intellectual property counseling, including Apple, Hewlett Packard, Salesforce, Purdue, AstraZeneca, and Texas Instruments.  Cognition IP supports early stage startups to Fortune 500 enterprises with on-demand, flat-fee IP counsel and the results expected from a top-tier firm.  Services include intellectual property management, patent prosecution, trademark prosecution, patent portfolio management, patent portfolio strategy, outside counsel, external counsel, PCT & international patent filing, alternative service legal provider, patent asset planning, patent landscape search and analysis.  Technologies include Artificial Intelligence (AI), Machine Learning (ML), Advanced Software, Internet of Things (IoT), Consumer Electronics, Content Delivery Networks (CDN), Healthcare, Fintech, Blockchain & Cryptography, Risk & Cyber Security, Medical Device, Computer Vision, Robotics, Autonomous Vehicles (AVs), Unmanned Aerial Vehicles (UAVs), Augmented Reality (AR), Virtual Reality (VR), and Mixed Reality (MR), Microchip Design, Aerospace Aviation & Defense.",cognition-ip,19253
Color,color.com,https://color.com,https://jobs.sequoiacap.com/companies/color-2,https://jobs.sequoiacap.com/companies/color-2,https://www.sequoiacap.com/companies/color-2/,,,,,,,,,0,0,,,,,,,,,,"Color is a health technology company that makes population-scale healthcare programs accessible, convenient, and cost-effective for everyone. We work with employers, labor unions, national health initiatives, governments, and public health institutions to provide the tools for preventive health and disease management, including cancer early detection, screening, and care management.  We look for cancer. We look out for people. Our cancer prevention and screening program in partnership with the American Cancer Society helps employers and unions take action against cancer—significantly impacting the lives of employees and members while reducing cancer-related costs.  Across everything we do, Color delivers healthcare where life happens. We show up at work, in communities, at churches, or at home. We integrate into our partners’ existing ecosystems and make care cohesive. Our robust clinical capabilities, including lab networks, medical supply chains, and providers, help us activate care anywhere.",color-2,8337
Commonwealth Fusion Systems,cfs.energy,https://cfs.energy,https://jobs.sequoiacap.com/companies/commonwealth-fusion-systems-2,https://jobs.sequoiacap.com/companies/commonwealth-fusion-systems-2,https://www.sequoiacap.com/companies/commonwealth-fusion-systems-2/,,,,,,,,,0,0,,,,,,,,,,"Commonwealth Fusion Systems develops fusion energy systems using high-temperature superconducting (HTS) magnets to create compact tokamak reactors. It is building SPARC, a demonstration device designed to achieve net energy gain from fusion and laying the groundwork for ARC, a grid-connected fusion power plant targeting early 2030s operation. The company partners with MIT and manufactures its HTS magnets and related components, applying peer-reviewed science in its firewalling of plasma and reactor engineering. It has introduced innovations like the PIT VIPER superconducting cable to support pulsed-power magnet systems and accelerate readiness for commercial fusion.",commonwealth-fusion-systems-2,13469
Compound Eye,compoundeye.com,https://compoundeye.com,https://jobs.sequoiacap.com/companies/compound-eye,https://jobs.sequoiacap.com/companies/compound-eye,https://www.sequoiacap.com/companies/compound-eye/,,,,,,,,,0,0,,,,,,,,,,Compound Eye Inc develops 3D vision systems for autonomous machines.,compound-eye,4957
Connie Health,conniehealth.com,https://conniehealth.com,https://jobs.sequoiacap.com/companies/connie-health-2,https://jobs.sequoiacap.com/companies/connie-health-2,https://www.sequoiacap.com/companies/connie-health-2/,,,,,,,,,0,0,,,,,,,,,,"Connie Health empowers older Americans to make confident, worry-free healthcare decisions.",connie-health-2,235009
Convey,convey.dev,https://convey.dev,https://jobs.sequoiacap.com/companies/convey-2-40342f43-2da5-4b23-8715-ea73e27afaa0,https://jobs.sequoiacap.com/companies/convey-2-40342f43-2da5-4b23-8715-ea73e27afaa0,https://www.sequoiacap.com/companies/convey-2-40342f43-2da5-4b23-8715-ea73e27afaa0/,,,,,,,,,0,0,,,,,,,,,,"At Convey, we help anyone—technical or not—build and manage their own team of AI Workers to take on the repetitive work no one wants to do. Just describe the task in plain English, and the AI handles it from there. Today, Convey Workers automate thousands of tasks across industries like Healthcare, Logistics, Retail, and more.",convey-2-40342f43-2da5-4b23-8715-ea73e27afaa0,3939826
Cover Technologies,buildcover.com,https://buildcover.com,https://jobs.sequoiacap.com/companies/cover-technologies,https://jobs.sequoiacap.com/companies/cover-technologies,https://www.sequoiacap.com/companies/cover-technologies/,,,,,,,,,0,0,,,,,,,,,,"Cover is a technology company that designs, manufactures, and installs custom Backyard Studios. Cover’s mission is to make living in a thoughtfully designed and well-built home a reality for everyone. Using proprietary design software and a precision manufactured building system, Cover delivers exceptional design, functionality, and energy performance, in a fraction of the time of traditional custom construction. Cover has launched in Los Angeles and is taking pre-orders worldwide.",cover-technologies,26299
Crucibl,crucibl.ai,https://crucibl.ai,https://jobs.sequoiacap.com/companies/crucibl,https://jobs.sequoiacap.com/companies/crucibl,https://www.sequoiacap.com/companies/crucibl/,,,,,,,,,0,0,,,,,,,,,,Traditional consulting is episodic. Crucibl is a continuous system. We embed elite strategic frameworks directly into your infrastructure to create a permanent capability that compounds over time.,crucibl,5365623
Culdesac,culdesac.com,https://culdesac.com,https://jobs.sequoiacap.com/companies/culdesac,https://jobs.sequoiacap.com/companies/culdesac,https://www.sequoiacap.com/companies/culdesac/,,,,,,,,,0,0,,,,,,,,,,"Culdesac designs, builds, and manages walkable, mixed-use communities designed to embrace a culture of belonging, transportation freedom, and thriving local businesses. As a co-developer and tech-enabled property manager, Culdesac is making walkable living the norm in the US, not the exception.  The company’s flagship project, Culdesac Tempe, is the first car-free community built from scratch in the United States. Located directly on the light rail in Tempe, Arizona, the neighborhood is already home to over 350 residents and 23 local businesses, with plans to house 1,000+ residents at completion. Instead of empty parking lots, the community features weekly events, people-first spaces, and integrated access to a portfolio of affordable transportation options.  Founded in 2018 and headquartered in Tempe, Culdesac is led by CEO Ryan Johnson (formerly of the Opendoor founding team). The company has raised over $40M in venture funding from leading investors, including Khosla Ventures, Lennar (LENx), Zigg Capital, Initialized Capital, and Y Combinator.  Culdesac’s work has been featured by The New York Times, Dwell, PBS NewsHour, and Hard Reset.",culdesac,32814
Curai Health,curaihealth.com,https://curaihealth.com,https://jobs.sequoiacap.com/companies/curai-health,https://jobs.sequoiacap.com/companies/curai-health,https://www.sequoiacap.com/companies/curai-health/,,,,,,,,,0,0,,,,,,,,,,"Curai is a virtual care company that uses artificial intelligence to provide chat-based primary care at a lower cost. It aims to make affordable, high-quality primary care accessible to everyone on the planet, whenever they want it.  Founded by Neal Khosla and Xavier Amatriain in 2017, Curai Health offers chat-based primary care that combines clinicians with the industry's most advanced AI to create a learning healthcare system that increasingly slashes the cost of delivering high-quality care. Headquartered in Palo Alto, Curai Health is available directly to consumers or through enterprise partnerships.",curai-health,31427
CureSkin,cureskin.com,https://cureskin.com,https://jobs.sequoiacap.com/companies/cureskin,https://jobs.sequoiacap.com/companies/cureskin,https://www.sequoiacap.com/companies/cureskin/,,,,,,,,,0,0,,,,,,,,,,CureSkin is a mobile application for derma-care. It uses computer vision to recommend treatment to patients who don’t have access to trained professionals.,cureskin,5623
Daedalus,daedalus.de,https://daedalus.de,https://jobs.sequoiacap.com/companies/daedalus,https://jobs.sequoiacap.com/companies/daedalus,https://www.sequoiacap.com/companies/daedalus/,,,,,,,,,0,0,,,,,,,,,,"Daedalus is building the world’s most advanced factories for precision components. With $40M in funding from Khosla Ventures, Addition, NGP Capital, and Y Combinator, and a team from OpenAI, Google, SpaceX, and Blue Horizon, we’re building software-defined factories where we’re producing parts for companies in machinery, aerospace, semiconductor, energy, and more.  If you want to experience reliable, transparent, and scalable production of high-precision parts, visit www.daedalus.de.  If you want to help us build the factory of the future, head to our career page and apply today! https://www.daedalus.de/karriere",daedalus,62335
Darwin Homes,darwinhomes.com,https://darwinhomes.com,https://jobs.sequoiacap.com/companies/darwin-homes,https://jobs.sequoiacap.com/companies/darwin-homes,https://www.sequoiacap.com/companies/darwin-homes/,,,,,,,,,0,0,,,,,,,,,,"Darwin Homes is the property management platform that elevates the rental experience for property owners and residents. It offers a comprehensive set of services to Owners and Residents.   Darwin is committed to bringing transparency and integrity to Property Management, elevating the experience once and for all.",darwin-homes,29935
Daye,yourdaye.com,https://yourdaye.com,https://jobs.sequoiacap.com/companies/daye,https://jobs.sequoiacap.com/companies/daye,https://www.sequoiacap.com/companies/daye/,,,,,,,,,0,0,,,,,,,,,,"Daye is a gynecological health company that creates products and services for vaginal treatment. Its tampon-based at-home vaginal microbiome screening kit allows women to test themselves at their leisure. The kit is intended to screen for vaginal infections such as thrush and bacterial vaginosis (BV), as well as disruptions to the microbiome, which could put women at risk of STIs, gynecological cancers, and fertility and IVF complications. Daye will also launch a comprehensive digital platform for gynae health, with the goal of reducing pain, shame, and wasted time for women as they navigate their health journey from their first period to menopause. The company was founded in 2017.",daye,13435
DDM Systems,ddmsys.com,https://ddmsys.com,https://jobs.sequoiacap.com/companies/ddm-systems,https://jobs.sequoiacap.com/companies/ddm-systems,https://www.sequoiacap.com/companies/ddm-systems/,,,,,,,,,0,0,,,,,,,,,,DDM Systems is a manufacturer of metal components for diverse industries.,ddm-systems,29901
Deep Genomics,deepgenomics.com,https://deepgenomics.com,https://jobs.sequoiacap.com/companies/deep-genomics,https://jobs.sequoiacap.com/companies/deep-genomics,https://www.sequoiacap.com/companies/deep-genomics/,,,,,,,,,0,0,,,,,,,,,,"Deep Genomics recruits from among the top 1% of recent graduates and seasoned experts at the intersection of Genomics, Drug Development, and AI.",deep-genomics,10610
DevRev,devrev.ai,https://devrev.ai,https://jobs.sequoiacap.com/companies/devrev,https://jobs.sequoiacap.com/companies/devrev,https://www.sequoiacap.com/companies/devrev/,,,,,,,,,0,0,,,,,,,,,,"DevRev is a business software startup focused on bringing developers closer to customers and revenue. The company aims to empower developers by integrating development and Customer Relationship Management (CRM) in a Product-Led Growth (PLG) model. This approach seeks to break down the silos between developers and end-users, allowing for direct collaboration and communication, thereby enhancing customer-centric product development.  Unlike horizontal CRMs, DevRev takes a blank canvas approach to collaboration, AI, and analytics, enabling SaaS companies to increase product velocity and reduce customer churn. DevRev is used by thousands of companies in search of low latency analytics and customizable LLMs to thrive in this era of GenAI.",devrev,67752
distylai,distyl.ai,https://distyl.ai,https://jobs.sequoiacap.com/companies/distylai,https://jobs.sequoiacap.com/companies/distylai,https://www.sequoiacap.com/companies/distylai/,,,,,,,,,0,0,,,,,,,,,,"Distyl AI delivers platforms and services that embed Artificial Intelligence into enterprise operations to generate measurable business outcomes. It offers a platform (“Distillery Platform”) that enables companies to deploy and manage AI systems rapidly, integrating directly with data, workflows, and existing enterprise infrastructure. Custom research, systems optimization, and deep technical deployment are part of its capabilities, with engineering and strategy contribution from teams with backgrounds in major institutions like OpenAI, Apple, and Palantir. Distyl AI works with clients across sectors such as Healthcare, Telecom, Manufacturing, Insurance, and Retail to create AI-driven solutions tied to financial or operational impact.",distylai,272709
DoorDash,doordash.com,https://doordash.com,https://jobs.sequoiacap.com/companies/doordash,https://jobs.sequoiacap.com/companies/doordash,https://www.sequoiacap.com/companies/doordash/,,,,,,,,,0,0,,,,,,,,,,"DoorDash provides restaurant food delivery services connecting customers with local businesses. The company is passionate about transforming local businesses and is dedicated to enabling new ways of working, earning, and living. By building the last-mile delivery infrastructure for local cities, DoorDash is bringing communities closer. It connects customers with their favorite local and national restaurants. Fang, Evan Moore, Stanley Tang, and Tony Xu launched the company as PaloAltoDelivery.com in 2013, which became DoorDash, Inc. in October 2014.",doordash,5863
Draft,draft.co,https://draft.co,https://jobs.sequoiacap.com/companies/draft-2-28d777f9-988f-4107-8f70-f7b8293f00c4,https://jobs.sequoiacap.com/companies/draft-2-28d777f9-988f-4107-8f70-f7b8293f00c4,https://www.sequoiacap.com/companies/draft-2-28d777f9-988f-4107-8f70-f7b8293f00c4/,,,,,,,,,0,0,,,,,,,,,,"Draft is a marketing company that provides Content Marketing, Social Media Content, SEO, and Content Writing services.",draft-2-28d777f9-988f-4107-8f70-f7b8293f00c4,72743
Dualentry,dualentry.com,https://dualentry.com,https://jobs.sequoiacap.com/companies/dualentry,https://jobs.sequoiacap.com/companies/dualentry,https://www.sequoiacap.com/companies/dualentry/,,,,,,,,,0,0,,,,,,,,,,"DualEntry develops AI-based accounting software for handling transactions for mid-market enterprises. The product includes a unified general ledger, automation of repetitive workflows, multi-entity and multi-currency support, and integrations with many existing financial and operations-adjacent tools. DualEntry also offers what it calls “NextDay Migration,” which enables moving historical financial data from legacy accounting or ERP systems into its platform within ~24 hours, reducing implementation friction.",dualentry,2040748
Earli,earli.com,https://earli.com,https://jobs.sequoiacap.com/companies/earli,https://jobs.sequoiacap.com/companies/earli,https://www.sequoiacap.com/companies/earli/,,,,,,,,,0,0,,,,,,,,,,"Earli is a developer of cancer treatment devices designed to search for natural biomarkers. The company's mission is to make cancer a benign experience. Cancers are detected early when they are homogeneous and then located early, so they can be treated when the chances of survival are multiple times higher. Rather than rely on biomarkers that cancer may - or often may not - naturally provide, Earli's technology forces cancer cells to make a synthetic, non-human biomarker using a novel gene therapy approach called Synthetic Biopsy. The early cancer is then visible in a PET scanner. The same platform is also usable for therapeutics.",earli,58010
Editas Medicine,editasmedicine.com,https://editasmedicine.com,https://jobs.sequoiacap.com/companies/editas-medicine,https://jobs.sequoiacap.com/companies/editas-medicine,https://www.sequoiacap.com/companies/editas-medicine/,,,,,,,,,0,0,,,,,,,,,,Editas Medicine Inc. is a genome editing company. It is engaged in treating patients with genetically defined diseases by correcting disease-causing genes.,editas-medicine,8510
EGenesis,egenesisbio.com,https://egenesisbio.com,https://jobs.sequoiacap.com/companies/egenesis,https://jobs.sequoiacap.com/companies/egenesis,https://www.sequoiacap.com/companies/egenesis/,,,,,,,,,0,0,,,,,,,,,,"EGenesis is a biotechnology company developing solid organ and therapeutic cell transplantation to treat diseases. It offers a gene editing and genome engineering platform to develop human-compatible organs, tissues, and cells, aiming to provide an alternative solution to the global organ shortage.",egenesis,14754
Eight Sleep,eightsleep.com,https://eightsleep.com,https://jobs.sequoiacap.com/companies/eight-sleep,https://jobs.sequoiacap.com/companies/eight-sleep,https://www.sequoiacap.com/companies/eight-sleep/,,,,,,,,,0,0,,,,,,,,,,"Eight Sleep produces the Pod sleep system, which includes components such as a mattress cover, hub device, adjustable base, temperature-controlled blanket, and pillow cover designed to work together on a standard bed setup. Its system uses liquid-based thermal regulation to heat or cool the sleeping surface while sensors track metrics such as heart rate, sleep stages, and body temperature during the night. The platform analyzes sleep data to automatically adjust temperature and other settings, while a dual-zone design allows different conditions for each side of the bed. Additional features include automated elevation that can respond to snoring and integrated audio designed to help create a controlled sleep environment.",eight-sleep,5781
Eligo Bioscience,eligo.bio,https://eligo.bio,https://jobs.sequoiacap.com/companies/eligo-bioscience,https://jobs.sequoiacap.com/companies/eligo-bioscience,https://www.sequoiacap.com/companies/eligo-bioscience/,,,,,,,,,0,0,,,,,,,,,,"Eligobiotics is a developer of antibiotics intended to treat microbiome precision and bacteria-associated diseases. The company's antibiotics combine the CRISPR/Cas system with engineered phage capsids to develop antimicrobials that are used to eradicate resistant pathogens or virulent bacteria within the human microbiome, enabling clients to get next-generation antimicrobials to treat diseases caused by superbugs.",eligo-bioscience,14755
Ellevest,ellevest.com,https://ellevest.com,https://jobs.sequoiacap.com/companies/ellevest,https://jobs.sequoiacap.com/companies/ellevest,https://www.sequoiacap.com/companies/ellevest/,,,,,,,,,0,0,,,,,,,,,,"Ellevest provides an engaging investing experience to help women meet their financial goals in life.  Ellevest offers a modern, engaging user experience. The same care, thoughtfulness, and attention to detail that is reflected in its beautiful, easy-to-use interface are applied to the construction of its portfolios, its selection of investments, and the development of the algorithms that drive its forecasts and recommendations.",ellevest,442
Ellipsis Health,ellipsishealth.com,https://ellipsishealth.com,https://jobs.sequoiacap.com/companies/ellipsis-health,https://jobs.sequoiacap.com/companies/ellipsis-health,https://www.sequoiacap.com/companies/ellipsis-health/,,,,,,,,,0,0,,,,,,,,,,"Sage provides 24/7 support and simplified healthcare navigation, guiding patients through complex healthcare processes with empathetic conversation.",ellipsis-health,14756
Ello,helloello.com,https://helloello.com,https://jobs.sequoiacap.com/companies/ello-2,https://jobs.sequoiacap.com/companies/ello-2,https://www.sequoiacap.com/companies/ello-2/,,,,,,,,,0,0,,,,,,,,,,Building a 1:1 teacher was one of the original dreams of AI. It’s finally possible.,ello-2,62369
Emancro,emancro.ai,https://emancro.ai,https://jobs.sequoiacap.com/companies/emancro,https://jobs.sequoiacap.com/companies/emancro,https://www.sequoiacap.com/companies/emancro/,,,,,,,,,0,0,,,,,,,,,,"Emancro’s mission is to build general-purpose hospital logistics robots that perform a wide variety of tasks such as organizing and distributing medication and medical supplies within hospitals. In this way, robots are freeing up medical staff’s time and enabling better and more resilient patient care. We are building EASO 1.0, the world's first mobile robot for restocking medication cabinets and assembling medication trays in hospitals, which is a very labor-intensive and error-prone task that many hospitals urgently want to automate.",emancro,1104120
Emi Labs,emilabs.ai,https://emilabs.ai,https://jobs.sequoiacap.com/companies/emi-labs,https://jobs.sequoiacap.com/companies/emi-labs,https://www.sequoiacap.com/companies/emi-labs/,,,,,,,,,0,0,,,,,,,,,,"At Emi, we are on a mission to increase Frontline Workers’ access to professional opportunities. This is a population that accounts for over 70% of the world’s workforce. They are digitally invisible, as there’s little to no data available on who they are, their career history, or their skill set, limiting their access to professional opportunities and growth. We're here to transform this by building the infrastructure to make Frontline Workers visible.  Our first step to achieving our mission is to transform the recruiting experience into an easy, human, and fair process for both candidates and companies with high-volume job openings. Emi, our main product, is an A.I. recruitment assistant that enables companies to engage in a conversation with each applicant to detect interested and qualified individuals while saving Recruiters a huge amount of time by automating tasks such as screening, validating skills, scheduling interviews, and collecting documents.  We operate with a remote-first culture with office hubs in Buenos Aires, Mexico City, and San Francisco.",emi-labs,19144
Encellin,encellin.com,https://encellin.com,https://jobs.sequoiacap.com/companies/encellin-2,https://jobs.sequoiacap.com/companies/encellin-2,https://www.sequoiacap.com/companies/encellin-2/,,,,,,,,,0,0,,,,,,,,,,"Encellin develops a novel thin-film cell encapsulation device for cell-based therapeutics. It has dedicated experts focused on the investigation and advancement of next-generation therapies. It aims to help patients with chronic diseases, starting with Type 1 diabetes. It was founded in 2016 and is headquartered in San Francisco, California.",encellin-2,296207
Eva,evacenter.com,https://evacenter.com,https://jobs.sequoiacap.com/companies/eva-2-141d7b89-983e-48b3-804c-00ea25000153,https://jobs.sequoiacap.com/companies/eva-2-141d7b89-983e-48b3-804c-00ea25000153,https://www.sequoiacap.com/companies/eva-2-141d7b89-983e-48b3-804c-00ea25000153/,,,,,,,,,0,0,,,,,,,,,,"Eva develops an accessible and non-invasive wearable device designed to detect breast cancer risks. The company's wearable device is equipped with tactile sensors that are designed to map the surface of the breast and surrounding areas, allowing women to keep track of the changes in breast temperature, size, and weight, with the help of biosensors inside the cup that constantly monitor information.",eva-2-141d7b89-983e-48b3-804c-00ea25000153,32824
Even Healthcare,even.in,https://even.in,https://jobs.sequoiacap.com/companies/even-healthcare-2-8cdc62f1-1283-4210-9bac-40246a25fd88,https://jobs.sequoiacap.com/companies/even-healthcare-2-8cdc62f1-1283-4210-9bac-40246a25fd88,https://www.sequoiacap.com/companies/even-healthcare-2-8cdc62f1-1283-4210-9bac-40246a25fd88/,,,,,,,,,0,0,,,,,,,,,,"Even is a health tech company and healthcare provider that partners directly with the top hospitals in the country to offer you unlimited diagnostics, consultations, and 50 lakh worth of hospitalizations, all with one monthly subscription cost.",even-healthcare-2-8cdc62f1-1283-4210-9bac-40246a25fd88,1104153
Even.com,even.com,https://even.com,https://jobs.sequoiacap.com/companies/even-com-2,https://jobs.sequoiacap.com/companies/even-com-2,https://www.sequoiacap.com/companies/even-com-2/,,,,,,,,,0,0,,,,,,,,,,"Even offers an affordable on-demand pay product that allows employees to access their paychecks when they need it most—without confusing, hidden, or predatory fees. With a proven track record of reducing employee turnover and increasing retention and productivity, Even is the highest-rated on-demand pay app and has helped employees save more than $82 million to date.",even-com-2,8248
Everlane,everlane.com,https://everlane.com,https://jobs.sequoiacap.com/companies/everlane,https://jobs.sequoiacap.com/companies/everlane,https://www.sequoiacap.com/companies/everlane/,,,,,,,,,0,0,,,,,,,,,,"Everlane is a clothing design and manufacturing company that specializes in designing clothing and footwear for men and women. It also provides an online marketplace that allows individuals to create accounts and purchase their products online.  The company was founded in 2010 and is headquartered in San Francisco, California.",everlane,121
EveryONE Medicines,everyonemedicines.com,https://everyonemedicines.com,https://jobs.sequoiacap.com/companies/everyone-medicines,https://jobs.sequoiacap.com/companies/everyone-medicines,https://www.sequoiacap.com/companies/everyone-medicines/,,,,,,,,,0,0,,,,,,,,,,EveryONE Medicines develops nucleic acid therapeutics for pathogenic genetic mutations of patients.,everyone-medicines,1104136
Faeth Therapeutics,faeththerapeutics.com,https://faeththerapeutics.com,https://jobs.sequoiacap.com/companies/faeth-therapeutics,https://jobs.sequoiacap.com/companies/faeth-therapeutics,https://www.sequoiacap.com/companies/faeth-therapeutics/,,,,,,,,,0,0,,,,,,,,,,"Faeth Therapeutics is a data-driven, evidence-based company that specializes in mechanistic understanding of the way that dietary nutrients influence tumor growth and cancer treatment. It fully focuses on matching specific diets with tumor genotypes and treatment regimens to improve the outcomes of cancer therapy.  The company was founded to translate breakthrough discoveries made by cancer research laboratories into clinical practice. Its founding team includes some of the industry’s preeminent researchers and clinicians.",faeth-therapeutics,28399
Faire,faire.com,https://faire.com,https://jobs.sequoiacap.com/companies/faire,https://jobs.sequoiacap.com/companies/faire,https://www.sequoiacap.com/companies/faire/,,,,,,,,,0,0,,,,,,,,,,"Faire is a two-sided marketplace and wholesale platform that helps retailers find and buy unique wholesale merchandise for their stores while helping brands and makers reach local retailers. Faire offers business owners a toolkit of simple tech, data insights, financial terms, and logistics solutions to support the future of local retail. Faire's net 60 payment terms and free returns take the risk out of the wholesale business so that local retailers and independent brands can compete with big-box and eCommerce giants.  Faire is headquartered in San Francisco, California, United States, and Kitchener, Ontario, Canada.",faire,14759
Farther Finance,farther.com,https://farther.com,https://jobs.sequoiacap.com/companies/farther-finance-2,https://jobs.sequoiacap.com/companies/farther-finance-2,https://www.sequoiacap.com/companies/farther-finance-2/,,,,,,,,,0,0,,,,,,,,,,"Farther is a wealth management company that combines financial advisory services with a proprietary technology platform designed to support investment management, financial planning, and tax optimization. The company provides clients with a centralized system for viewing and managing financial accounts, documents, portfolios, and cash management activities in one place. Farther offers services that include portfolio management, retirement planning, estate planning, business planning, and access to private market investment opportunities through its advisory and asset management teams. Its platform is designed to help advisors automate administrative processes, improve operational efficiency, and deliver customized investment strategies supported by data and analytics. The company also works with high-net-worth individuals, families, entrepreneurs, and institutions by providing integrated financial planning and investment management services tailored to varying levels of financial complexity.",farther-finance-2,79085
Fernish,fernish.com,https://fernish.com,https://jobs.sequoiacap.com/companies/fernish-com,https://jobs.sequoiacap.com/companies/fernish-com,https://www.sequoiacap.com/companies/fernish-com/,,,,,,,,,0,0,,,,,,,,,,"Fernish is a furniture rental startup company that provides furniture as a subscription model to consumers living a mobile lifestyle.   The company seeks to redefine the way the market sees furniture rental by positioning itself as a lifestyle brand. It offers a rent-to-own program that allows subscribers to apply their previous payments towards the cost of the piece or pieces they want to buy at the end of their subscription. Users are allowed to subscribe to an entire room or specific pieces and can even swap out things they don’t like or simply want to change up at any point.  Founders Michael Barlow and Lucas Dickey launched the company in Los Angeles, California, in 2017.",fernish-com,25167
Finnt,finnt.com,https://finnt.com,https://jobs.sequoiacap.com/companies/finnt,https://jobs.sequoiacap.com/companies/finnt,https://www.sequoiacap.com/companies/finnt/,,,,,,,,,0,0,,,,,,,,,,"Finnt automates manual Accounting & Controllership workflows for enterprise finance teams. Our AI agents work 24/7 with your existing formats (Excel, PDFs, ERPs) to handle journal entries, reconciliations, revenue recognition, fixed assets, and variance analysis. We specialize in exception handling, reducing month-end close time, and freeing teams from repetitive tasks. Fortune 500 companies trust Finnt to streamline finance operations with AI.",finnt,79379
Fireflies.ai,fireflies.ai,https://fireflies.ai,https://jobs.sequoiacap.com/companies/fireflies-ai,https://jobs.sequoiacap.com/companies/fireflies-ai,https://www.sequoiacap.com/companies/fireflies-ai/,,,,,,,,,0,0,,,,,,,,,,"Fireflies.ai develops an AI-powered solution for recording and transcribing meetings. It captures conversations and generates searchable notes. The focus is on applications in sectors such as business, education, and remote work.",fireflies-ai,31405
Flow Neuroscience,flowneuroscience.com,https://flowneuroscience.com,https://jobs.sequoiacap.com/companies/flow-neuroscience-2,https://jobs.sequoiacap.com/companies/flow-neuroscience-2,https://www.sequoiacap.com/companies/flow-neuroscience-2/,,,,,,,,,0,0,,,,,,,,,,"Flow Neuroscience is a healthcare company that develops depression treatment devices that combine an easy-to-use brain stimulation headset with a personalized mobile app to target both the physical and behavioral elements of Major Depressive Disorder (MDD). The company's wearable stimulates a patient's left frontal lobe, the area of the brain that has often lowered activity in people suffering from depression.  Flow Neuroscience combines its wearable with a mobile app that nudges users to behaviors that will help lessen the effects of their depression, including exercise and regular sleeping patterns.  The company's hope is to make available for the public a treatment that's currently only used in clinics specialized in brain stimulation. It also wants to make the treatment affordable enough to seriously challenge a dominant pharmaceuticals industry.",flow-neuroscience-2,516423
Focal Medical,focalmedical.co,https://focalmedical.co,https://jobs.sequoiacap.com/companies/focal-medical-2,https://jobs.sequoiacap.com/companies/focal-medical-2,https://www.sequoiacap.com/companies/focal-medical-2/,,,,,,,,,0,0,,,,,,,,,,"Focal Medical, Inc. is a privately held, biopharmaceutical company developing novel therapeutic products based on its innovative and patent protected targeted therapeutic system. The Company’s lead product is a targeted therapeutic product delivering gemcitabine (an FDA approved chemotherapeutic) actively and directly to the pancreas by non-circulatory pathways to treat pancreatic cancer. Focal Medical, Inc. is formerly known as Advanced Chemotherapy Technologies, Inc. It is headquartered in Cary, North Carolina.",focal-medical-2,1104139
Formulary Financial,formulary.co,https://formulary.co,https://jobs.sequoiacap.com/companies/formulary-financial,https://jobs.sequoiacap.com/companies/formulary-financial,https://www.sequoiacap.com/companies/formulary-financial/,,,,,,,,,0,0,,,,,,,,,,"Formulary Financial designs tools that enhance financial decision-making, streamline workflows, and optimize portfolio oversight for institutional clients. Its technology applies machine learning to improve the accuracy and efficiency of financial processes while maintaining compliance with industry standards.",formulary-financial,4428355
Fortera,forteraglobal.com,https://forteraglobal.com,https://jobs.sequoiacap.com/companies/fortera-2,https://jobs.sequoiacap.com/companies/fortera-2,https://www.sequoiacap.com/companies/fortera-2/,,,,,,,,,0,0,,,,,,,,,,"Fortera develops a process for recreating natural materials that provide significant economic savings. Their primary goal is to create more environmentally friendly concrete alternatives. One of their notable innovations is a method for capturing carbon dioxide and using it to produce a form of concrete that's less carbon-intensive than traditional methods. This approach aims to reduce the carbon footprint associated with concrete production, a major contributor to greenhouse gas emissions.",fortera-2,917234
Fountain Therapeutics,fountaintx.com,https://fountaintx.com,https://jobs.sequoiacap.com/companies/fountain-therapeutics-2,https://jobs.sequoiacap.com/companies/fountain-therapeutics-2,https://www.sequoiacap.com/companies/fountain-therapeutics-2/,,,,,,,,,0,0,,,,,,,,,,Fountain Therapeutics is discovering and developing treatments for aging-associated diseases.  Fountain Therapeutics was founded with the belief that a future in which we live healthier lives longer is more desirable than one in which the company continues to be afflicted by the disease of aging. The company builds a transformative model of aging that re-creates many of the complex hallmark features of aging but in a laboratory dish. We are combining this powerful cellular model with the latest in Artificial Intelligence and computer vision to develop a disruptive unbiased platform for the identification of novel targets and potential therapeutics.,fountain-therapeutics-2,1104122
Fragile,tryfragile.com,https://tryfragile.com,https://jobs.sequoiacap.com/companies/fragile-2-ccd9e434-bfd4-423d-b2fa-6cc1e83a76c0,https://jobs.sequoiacap.com/companies/fragile-2-ccd9e434-bfd4-423d-b2fa-6cc1e83a76c0,https://www.sequoiacap.com/companies/fragile-2-ccd9e434-bfd4-423d-b2fa-6cc1e83a76c0/,,,,,,,,,0,0,,,,,,,,,,"Fragile simplifies hardware subscriptions for businesses with layered financing and services, enabling seamless launch and scalable growth. The company partners with brands to turn hardware into high-margin recurring revenue services and then provides the capital and infrastructure to support them at scale.",fragile-2-ccd9e434-bfd4-423d-b2fa-6cc1e83a76c0,3587726
Fundbox,fundbox.com,https://fundbox.com,https://jobs.sequoiacap.com/companies/fundbox,https://jobs.sequoiacap.com/companies/fundbox,https://www.sequoiacap.com/companies/fundbox/,,,,,,,,,0,0,,,,,,,,,,"Fundbox is a pioneer in embedded capital products for small and medium-sized businesses, providing fast, simple access to credit directly through the tools businesses already use. Since 2013, Fundbox has helped over 170,000 small businesses unlock more than $6.5 billion in working capital. As the capital infrastructure behind the digital SMB economy, Fundbox enables platforms to embed financial tools seamlessly into their user experiences.",fundbox,13546
Future,future.co,https://future.co,https://jobs.sequoiacap.com/companies/future-2,https://jobs.sequoiacap.com/companies/future-2,https://www.sequoiacap.com/companies/future-2/,,,,,,,,,0,0,,,,,,,,,,"Future offers one-on-one digital training with fitness coaches, at home, at the gym, or on-the-go. Future pairs its clients with coaches who have trained pro athletes, Hollywood celebrities, and working professionals.",future-2,32338
Gaiascope,gaia-scope.com,https://gaia-scope.com,https://jobs.sequoiacap.com/companies/gaiascope,https://jobs.sequoiacap.com/companies/gaiascope,https://www.sequoiacap.com/companies/gaiascope/,,,,,,,,,0,0,,,,,,,,,,"Gaiascope helps energy companies and investors transition to the future in the most economic way possible, with user-friendly software that makes the electric grid easier to understand, invest in, and profit from. Gaiascope's affordable tools are designed with a practical approach to machine learning that values transparency over 'black boxes'. Guided by a blueprint of physical reality, these tools use available data and scenario analysis to optimize real-time trading, operations, and development, addressing the stochastic nature of the grid, the increasing penetration of renewables, and the evolution of power market dynamics.",gaiascope,19082
Gather Health,gatherhealth.com,https://gatherhealth.com,https://jobs.sequoiacap.com/companies/gather-health-2,https://jobs.sequoiacap.com/companies/gather-health-2,https://www.sequoiacap.com/companies/gather-health-2/,,,,,,,,,0,0,,,,,,,,,,"Gather Health develops mobile health technology for healthcare providers, patients, and their family members. Our goal is to make it possible for you, your patients, and your family to be healthier in the flow of life. Our current focus is helping patients with chronic disease, specifically Diabetes and Cardiovascular Diseases. Global in perspective and local in action, the company is headquartered in Beijing with operations in Hong Kong, Bangalore, and New York.   Learn more at http://www.gatherhealth.com.",gather-health-2,537116
GEn1E Lifesciences,gen1e.com,https://gen1e.com,https://jobs.sequoiacap.com/companies/gen1e-lifesciences-2,https://jobs.sequoiacap.com/companies/gen1e-lifesciences-2,https://www.sequoiacap.com/companies/gen1e-lifesciences-2/,,,,,,,,,0,0,,,,,,,,,,"GEn1E Lifesciences is a clinical-stage, multi-target company with a unique AI platform. They develop novel, next-generation, immunomodulatory therapies for rare and inflammatory diseases with no effective treatments. GEn1E is supercharging the drug development cycle by applying AI to multiple-mechanism-of-action protein targets and their natural platform capabilities—creating novel therapeutics at an unprecedented pace. Their AI platform has enabled them to develop a purpose-built therapy for ARDS to reduce its $20 billion cost on society (just in the USA).  GEn1E has built a rich pipeline of 21+ novel and selective immunomodulators and has plans to accelerate 2 additional devastating diseases (beyond their lead indication) to IND in the next 12 months. Their AI platform enables tremendous pace and capital efficiency as demonstrated by their progress in approximately 2 years with seed capital—a stark contrast to the typical spend of $100M+ and 7+ years exhibited in the pharmaceuticals and biotech industry.  With approximately 90% of rare diseases having no therapeutic treatment at all, GEn1E is taking a giant swing that will hopefully bring life-saving therapies to the lives of patients in need.  GEn1E’s team has decades of experience in drug development and machine learning, and they graduated from Y Combinator and Stanford-StartX in late 2019. GEn1E is based in Palo Alto, CA.",gen1e-lifesciences-2,75515
Genalyte,genalyte.com,https://genalyte.com,https://jobs.sequoiacap.com/companies/genalyte,https://jobs.sequoiacap.com/companies/genalyte,https://www.sequoiacap.com/companies/genalyte/,,,,,,,,,0,0,,,,,,,,,,"Genalyte, Inc. is a life sciences company developing and commercializing innovative next-generation multiplexing technology. Genalyte has developed a new approach to immunodetection using silicon chip manufacturing methods. Its Maverick platform uses a technology called silicon photonics to directly measure protein binding between antibodies and antigens or hybridization of nucleic acids.",genalyte,14761
Genecis,genecis.co,https://genecis.co,https://jobs.sequoiacap.com/companies/genecis,https://jobs.sequoiacap.com/companies/genecis,https://www.sequoiacap.com/companies/genecis/,,,,,,,,,0,0,,,,,,,,,,"Genecis is an early-stage organic waste processing startup that uses biotechnology to convert waste into biodegradable plastics and other high-value materials. It converts organic waste into PHA (Polyhydroxyalkanoate), a biodegradable, compostable, and non-toxic polymer that can be tuned to replace a wide variety of traditional plastics. PHA can be used for single-use plastics, clothing and textiles, automotive interiors, medical tools and products, and food contact applications.",genecis,18947
General Intuition,generalintuition.com,https://generalintuition.com,https://jobs.sequoiacap.com/companies/general-intuition-2,https://jobs.sequoiacap.com/companies/general-intuition-2,https://www.sequoiacap.com/companies/general-intuition-2/,,,,,,,,,0,0,,,,,,,,,,"General Intuition is a frontier research lab focused on teaching machines to learn and adapt through play, aiming to build Artificial Intelligence that can perceive, anticipate, and improvise in real-world dynamics, with gaming as a central domain for testing and innovation.",general-intuition-2,3893472
Genesis,genesis-ai.company,https://genesis-ai.company,https://jobs.sequoiacap.com/companies/genesis-2-7f5c00d0-9dbc-4e9d-bf59-c9e223b00737,https://jobs.sequoiacap.com/companies/genesis-2-7f5c00d0-9dbc-4e9d-bf59-c9e223b00737,https://www.sequoiacap.com/companies/genesis-2-7f5c00d0-9dbc-4e9d-bf59-c9e223b00737/,,,,,,,,,0,0,,,,,,,,,,Genesis AI operates as a physical AI lab and full-stack robotics company.,genesis-2-7f5c00d0-9dbc-4e9d-bf59-c9e223b00737,3474395
Genie AI,genieai.co,https://genieai.co,https://jobs.sequoiacap.com/companies/genie-ai,https://jobs.sequoiacap.com/companies/genie-ai,https://www.sequoiacap.com/companies/genie-ai/,,,,,,,,,0,0,,,,,,,,,,"Genie AI has developed an artificial intelligence platform called SuperDrafter® that empowers lawyers to draft contracts using the entire knowledge of the firm. Its AI semantically understands legal contracts, enabling us to become the bridge towards smart contracts on the blockchain. The company also provides educational talks and practical training on smart contracts through the use of artificial intelligence.",genie-ai,13860
Ghost Autonomy,ghostautonomy.com,https://ghostautonomy.com,https://jobs.sequoiacap.com/companies/ghost-autonomy-2,https://jobs.sequoiacap.com/companies/ghost-autonomy-2,https://www.sequoiacap.com/companies/ghost-autonomy-2/,,,,,,,,,0,0,,,,,,,,,,"Ghost's mission is to make self-driving accessible to everyone. The company builds autonomous driving software for automakers, based on a breakthrough in Artificial Intelligence that finally makes highway autonomy safe and scalable for the consumer car market.",ghost-autonomy-2,197465
Gigi,gigi.co,https://gigi.co,https://jobs.sequoiacap.com/companies/gigi-2-a92a106b-7c39-43ab-8a0b-f6bcb1281579,https://jobs.sequoiacap.com/companies/gigi-2-a92a106b-7c39-43ab-8a0b-f6bcb1281579,https://www.sequoiacap.com/companies/gigi-2-a92a106b-7c39-43ab-8a0b-f6bcb1281579/,,,,,,,,,0,0,,,,,,,,,,"Gigi is rebuilding the social graph for the AI era: an agent that lives across your inbox, calendar, real network, and socials. It continuously maps your context, predicts intent, and activates the right people at the right moment, like your network on autopilot.   Backed by Sequoia, OpenAI, Khosla, and Monashees.",gigi-2-a92a106b-7c39-43ab-8a0b-f6bcb1281579,4419202
GitLab,gitlab.com,https://gitlab.com,https://jobs.sequoiacap.com/companies/gitlab-com,https://jobs.sequoiacap.com/companies/gitlab-com,https://www.sequoiacap.com/companies/gitlab-com/,,,,,,,,,0,0,,,,,,,,,,"GitLab Inc. is the open core company that provides GitLab, The DevOps Platform, that empowers organizations to maximize the overall return on software development by delivering software faster and efficiently while strengthening security and compliance. GitLab’s single application is easier to use, leads to faster cycle time, and allows visibility throughout and control over all stages of the DevOps lifecycle. With GitLab, every team in your organization can collaboratively plan, build, secure, and deploy software to drive business outcomes faster with complete transparency, consistency, and traceability.  Built on Open Source, GitLab works alongside its growing community, which is composed of thousands of developers and millions of users, to continuously deliver new DevOps innovations. GitLab has an estimated 30 million+ registered users (both Paid and Free) from startups to global enterprises, including Ticketmaster, Jaguar Land Rover, Nasdaq, Dish Network, and Comcast, which trust GitLab to deliver great software faster. All-remote since 2015, GitLab has more than 1,350 team members in over 65 countries.",gitlab-com,17675
Glydways,glydways.com,https://glydways.com,https://jobs.sequoiacap.com/companies/glydways,https://jobs.sequoiacap.com/companies/glydways,https://www.sequoiacap.com/companies/glydways/,,,,,,,,,0,0,,,,,,,,,,"Glydways develops autonomous transportation systems that combine small electric vehicles with dedicated guideways for urban mobility. The company designs a network that operates on demand, allowing passengers to travel directly between stations without fixed schedules. Its system integrates software, vehicles, and infrastructure to manage routing, traffic flow, and energy use. Glydways provides planning and deployment support for cities and transit agencies adopting automated transport solutions. The platform is designed to reduce congestion and improve accessibility through modular and scalable transit networks.",glydways,31422
Gobble,gobble.com,https://gobble.com,https://jobs.sequoiacap.com/companies/gobble,https://jobs.sequoiacap.com/companies/gobble,https://www.sequoiacap.com/companies/gobble/,,,,,,,,,0,0,,,,,,,,,,"Gobble delivers gourmet 15-minute meal kits right to your doorstep. These chef-designed meals are easy to prepare, with simple recipe steps and fresh ingredients that have been chopped, portioned, and simmered so that dinner is both fast and flavorful.  Gobble combines the convenience of takeout with the health, satisfaction, and freshness of a home-cooked meal. Our Executive Chef Thomas Ricci carefully curates each recipe so that anyone can create a dynamic meal at home in just minutes - think of us as personal sous chefs! New, seasonal menus are released weekly and include dishes for every palate. Whether you're looking for global cuisine, low-calorie options, comfort classics, vegetarian recipes, or kid-friendly meals, we have you covered. Plus, we think beyond dinner with delicious options for breakfast, lunch, sides, desserts, and more!  Our CEO Ooshma Garg was inspired to help people cook up happiness even on the busiest evenings, and since founding Gobble in 2010, she has graced Forbes’ Top 30 Innovators Under 30 list. Our operations have grown rapidly, serving 47 states and spanning offices in California, Pennsylvania, and Toronto.  Find out why our customers call us a life-saver on busy weeknights. We're dedicated to helping households across the country spend less time working in the kitchen and more time at the table with the people they love. Visit www.gobble.com to check out our latest culinary creations.",gobble,567
GoodTrust,mygoodtrust.com,https://mygoodtrust.com,https://jobs.sequoiacap.com/companies/goodtrust,https://jobs.sequoiacap.com/companies/goodtrust,https://www.sequoiacap.com/companies/goodtrust/,,,,,,,,,0,0,,,,,,,,,,"GoodTrust is on a mission to protect everyone's digital life and legacy with Smart Online Estate Planning.   Today, 77% of all US adults say they want a Will, but only 33% have it today. With GoodTrust, anyone can now create their Will or Trust-based estate plan, including all their important Directives and linked Smart Digital Vault for their accounts, documents, photos, and devices. Fast, easy, and secure with legal documents in all 50 states.  GoodTrust has a ready-to-go solution with no IT integration that we can launch within days if you want.",goodtrust,63716
Granular,granular.ag,https://granular.ag,https://jobs.sequoiacap.com/companies/granular-2-be0de7f4-123c-47f7-966a-9ccc96a45f8a,https://jobs.sequoiacap.com/companies/granular-2-be0de7f4-123c-47f7-966a-9ccc96a45f8a,https://www.sequoiacap.com/companies/granular-2-be0de7f4-123c-47f7-966a-9ccc96a45f8a/,,,,,,,,,0,0,,,,,,,,,,"Granular is a software and analytics platform that helps farmers operate more efficiently and make better business decisions. It powers the world’s most efficient farms. The company’s cloud software and analytics platform helps farmers become more efficient and make better business decisions and is backed by Silicon Valley investors Andreessen Horowitz, Google Ventures, and Khosla Ventures. It was founded in 2014 and is headquartered in San Francisco, California.",granular-2-be0de7f4-123c-47f7-966a-9ccc96a45f8a,96443
Greenlight Biosciences,greenlightbiosciences.com,https://greenlightbiosciences.com,https://jobs.sequoiacap.com/companies/greenlight-biosciences,https://jobs.sequoiacap.com/companies/greenlight-biosciences,https://www.sequoiacap.com/companies/greenlight-biosciences/,,,,,,,,,0,0,,,,,,,,,,GreenLight Biosciences is a biotechnology company that develops an RNA platform for agriculture and human health.,greenlight-biosciences,16296
Grokker,grokker.com,https://grokker.com,https://jobs.sequoiacap.com/companies/grokker,https://jobs.sequoiacap.com/companies/grokker,https://www.sequoiacap.com/companies/grokker/,,,,,,,,,0,0,,,,,,,,,,"Grokker takes the work out of workplace wellness with an easy-to-implement, holistic, and cost-effective program. With over 3,700 exercise, mindfulness, nutrition, finance, and sleep videos from 5 to 50 minutes, more than 130 master experts to choose from, and a supportive community to connect employees across locations, Grokker’s patented program delivers results.",grokker,2744
Growth Book,growthbook.io,https://growthbook.io,https://jobs.sequoiacap.com/companies/growth-book,https://jobs.sequoiacap.com/companies/growth-book,https://www.sequoiacap.com/companies/growth-book/,,,,,,,,,0,0,,,,,,,,,,"Growth Book is an open source feature flagging and A/B testing platform that helps companies make better data-driven product decisions. Our platform gives any company the power of a customized deployment and A/B testing solution like those used by Airbnb, Netflix, Uber, etc. without having to build it. Used in production by thousands of companies globally.",growth-book,80008
Guardant Health,guardanthealth.com,https://guardanthealth.com,https://jobs.sequoiacap.com/companies/guardant-health,https://jobs.sequoiacap.com/companies/guardant-health,https://www.sequoiacap.com/companies/guardant-health/,,,,,,,,,0,0,,,,,,,,,,"Guardant Health is a precision oncology company that uses blood tests, data sets, and analytics to provide treatment to cancer patients.",guardant-health,447
HackerRank,hackerrank.com,https://hackerrank.com,https://jobs.sequoiacap.com/companies/hackerrank,https://jobs.sequoiacap.com/companies/hackerrank,https://www.sequoiacap.com/companies/hackerrank/,,,,,,,,,0,0,,,,,,,,,,HackerRank provides a platform that helps companies to evaluate technical skills and create opportunities. The company helps in hiring skilled developers by allowing tech recruiters and hiring managers to evaluate talent at every stage of the recruiting process.,hackerrank,5316
Headspace Health,ginger.io,https://ginger.io,https://jobs.sequoiacap.com/companies/headspace-health-2,https://jobs.sequoiacap.com/companies/headspace-health-2,https://www.sequoiacap.com/companies/headspace-health-2/,,,,,,,,,0,0,,,,,,,,,,"Ginger is a telemental health provider delivering evidence-based behavioral health coaching, therapy, and psychiatry from a smartphone. Ginger's on-demand system brings together behavioral health coaches, therapists, and psychiatrists, who work as a team to deliver personalized care, right through your smartphone. The app provides members with access to the support they need within seconds, 24/7, 365 days a year. Millions of people have access to Ginger through leading employers, health plans, and its network of partners.",headspace-health-2,77166
HealthifyMe,healthifyme.com,https://healthifyme.com,https://jobs.sequoiacap.com/companies/healthifyme,https://jobs.sequoiacap.com/companies/healthifyme,https://www.sequoiacap.com/companies/healthifyme/,,,,,,,,,0,0,,,,,,,,,,"HealthifyMe is an application that allows its users to achieve their fitness and weight loss goals from their computers and smartphones.  The application enables its users to track their calories, nutrition, and fitness activities; track their weight and determine if they are healthy; set healthy goals and work toward meeting them; share their data with experts; and get expert advice and suggestions on their lifestyles.  HealthifyMe was developed and launched by a team of doctors, nutritionists, and fitness trainers in 2012. It is based in Bangalore, India.",healthifyme,34782
HealthTap,healthtap.com,https://healthtap.com,https://jobs.sequoiacap.com/companies/healthtap,https://jobs.sequoiacap.com/companies/healthtap,https://www.sequoiacap.com/companies/healthtap/,,,,,,,,,0,0,,,,,,,,,,"HealthTap is a virtual-first, affordable urgent and primary care clinic, providing top-quality physician care equitably nationwide to all Americans, with or without insurance.",healthtap,9346
HeartVista.ai,heartvista.ai,https://heartvista.ai,https://jobs.sequoiacap.com/companies/heartvista-ai,https://jobs.sequoiacap.com/companies/heartvista-ai,https://www.sequoiacap.com/companies/heartvista-ai/,,,,,,,,,0,0,,,,,,,,,,"HeartVista is a medical technology company that provides one-click diagnostic imaging. It brought in machine learning to make the scanning process faster, easier, and more consistent. Its platform leverages existing scanners and contains all of the MRI tools needed for a comprehensive cardiac examination, with just one click.",heartvista-ai,25280
Helium,helium.com,https://helium.com,https://jobs.sequoiacap.com/companies/helium,https://jobs.sequoiacap.com/companies/helium,https://www.sequoiacap.com/companies/helium/,,,,,,,,,0,0,,,,,,,,,,"Helium is an Internet-of-Things developer platform for building the network and transferring IoT device data. The platform builds the peer-to-peer wireless network to simplify connecting anything to the Internet by rewarding anyone to become a network operator. It provides wireless coverage for low-power Internet of Things (IoT) devices and earns a new cryptocurrency, Helium, from your living room.  Helium tokens are earned by verifying network transactions, adding new blocks to the blockchain, and performing other tasks. The Proof-of-Coverage is a unique work algorithm that uses radio waves to validate that hotspots are providing legitimate wireless coverage.",helium,2935
Hello Heart,helloheart.com,https://helloheart.com,https://jobs.sequoiacap.com/companies/hello-heart,https://jobs.sequoiacap.com/companies/hello-heart,https://www.sequoiacap.com/companies/hello-heart/,,,,,,,,,0,0,,,,,,,,,,Hello Heart is a best-in-class solution that empowers people to understand and improve their heart health - the #1 cost factor for employers. The program is clinically based and targets people with high blood pressure. Each of our users receives a wireless blood pressure monitor and real-time personalized tips on their smartphone. It is easy to use and helps participants improve their heart health in a fun and engaging way.,hello-heart,2401
Hermeus,hermeus.com,https://hermeus.com,https://jobs.sequoiacap.com/companies/hermeus,https://jobs.sequoiacap.com/companies/hermeus,https://www.sequoiacap.com/companies/hermeus/,,,,,,,,,0,0,,,,,,,,,,"Hermeus is an aerospace and defense company that develops hypersonic aircraft capable of reaching speeds around Mach 5. The company’s core mission is to drastically reduce global travel times by creating next-generation aircraft that can fly significantly faster than traditional commercial jets. Its flagship programs include the Quarterhorse series of high-speed test aircraft and the development of the Chimera engine, a turbine-based combined cycle propulsion system designed for hypersonic flight. Hermeus follows a rapid, iterative development approach, building and testing multiple prototypes to accelerate innovation and reduce engineering timelines. The company collaborates with organizations such as the U.S. Air Force and NASA, positioning its technology for both commercial aviation and defense applications.",hermeus,16269
Hoist,withhoist.com,https://withhoist.com,https://jobs.sequoiacap.com/companies/hoist-2,https://jobs.sequoiacap.com/companies/hoist-2,https://www.sequoiacap.com/companies/hoist-2/,,,,,,,,,0,0,,,,,,,,,,Hoist develops an app that enables users to establish rapport in sales and determine job pricing without an in-person estimate.,hoist-2,93130
Homebase,joinhomebase.com,https://joinhomebase.com,https://jobs.sequoiacap.com/companies/homebase,https://jobs.sequoiacap.com/companies/homebase,https://www.sequoiacap.com/companies/homebase/,,,,,,,,,0,0,,,,,,,,,,"Homebase is a software application that provides tools for employee scheduling, time tracking, communication, and task management. The app facilitates communication between managers and employees through messaging features, allowing for easy coordination and updates regarding shifts, tasks, and announcements. Employees can clock in and out using the app, allowing managers to track hours worked and monitor labor costs in real-time accurately.",homebase,14765
Homebound,homebound.com,https://homebound.com,https://jobs.sequoiacap.com/companies/homebound,https://jobs.sequoiacap.com/companies/homebound,https://www.sequoiacap.com/companies/homebound/,,,,,,,,,0,0,,,,,,,,,,"Homebound is a custom homebuilder that makes building the perfect home simple, transparent, and human. Born out of the 2017 Northern California wildfires, Homebound was created by a local team of construction, real estate, design, and technology experts who set out to create a better homebuilding solution for friends, family, and neighbors affected. Homebound is the first homebuilder to manage the entire building process for homeowners and support them every step of the way — from insurance negotiation and architecture all the way to permitting, construction, and move-in. Through easy-to-use technology and a network of vetted building experts, Homebound is simplifying the rebuilding process and alleviating the stress, complexity, and uncertainty homeowners face after a natural disaster.",homebound,17678
Honey Homes,honeyhomes.com,https://honeyhomes.com,https://jobs.sequoiacap.com/companies/honey-homes,https://jobs.sequoiacap.com/companies/honey-homes,https://www.sequoiacap.com/companies/honey-homes/,,,,,,,,,0,0,,,,,,,,,,"Honey Homes is a home maintenance firm that offers house maintenance and related services. Through its website and applications, it also offers services such as handyman, electrical, plumbing, interior maintenance, and outside maintenance.",honey-homes,87622
Hook,hookmusic.com,https://hookmusic.com,https://jobs.sequoiacap.com/companies/hook-2-9a963a63-03b7-4928-afa4-50ce9ca546e4,https://jobs.sequoiacap.com/companies/hook-2-9a963a63-03b7-4928-afa4-50ce9ca546e4,https://www.sequoiacap.com/companies/hook-2-9a963a63-03b7-4928-afa4-50ce9ca546e4/,,,,,,,,,0,0,,,,,,,,,,"Hook is a social music platform, backed by top-tier investors, building the next generation of music discovery, fan expression, and creator growth. We turn the songs people love into sounds they can play with — enabling fans and creators to reimagine music through intuitive, remix-friendly experiences with zero learning curve. By partnering directly with artists, labels, and rightsholders, Hook ensures music is discovered, shared, and expressed in ways that respect and reward the people behind it. At Hook, music isn’t just consumed — it’s experienced, expressed, and made personal.",hook-2-9a963a63-03b7-4928-afa4-50ce9ca546e4,724749
House Rx,houserx.com,https://houserx.com,https://jobs.sequoiacap.com/companies/house-rx,https://jobs.sequoiacap.com/companies/house-rx,https://www.sequoiacap.com/companies/house-rx/,,,,,,,,,0,0,,,,,,,,,,House Rx is a health technology platform focused on improving affordability and patient access to specialty medications.,house-rx,66785
IgGenix,iggenix.com,https://iggenix.com,https://jobs.sequoiacap.com/companies/iggenix,https://jobs.sequoiacap.com/companies/iggenix,https://www.sequoiacap.com/companies/iggenix/,,,,,,,,,0,0,,,,,,,,,,IgGenix is a biotechnology company that directly addresses food and other severe allergies by re-engineering key antibodies involved in the allergic cascade. IgGenix isolates and transforms allergen-specific IgE antibodies into IgG antibodies that are designed to alleviate and possibly prevent the allergic cascade.,iggenix,66401
Immuneel Therapeutics,immuneel.com,https://immuneel.com,https://jobs.sequoiacap.com/companies/immuneel-therapeutics,https://jobs.sequoiacap.com/companies/immuneel-therapeutics,https://www.sequoiacap.com/companies/immuneel-therapeutics/,,,,,,,,,0,0,,,,,,,,,,"Immuneel Therapeutics is a clinical-stage biotechnology company that develops cell and gene therapies focused on cancer treatment. The company works primarily on CAR-T (Chimeric Antigen Receptor T-cell) therapy, a form of personalized immunotherapy where a patient’s immune cells are modified to target and destroy cancer cells more effectively. Its platform integrates research, clinical development, and manufacturing capabilities to support the delivery of advanced cancer therapies. The company concentrates on making these therapies more accessible and cost-efficient, particularly in markets where such treatments are limited or expensive. It develops end-to-end capabilities that include cell processing, vector manufacturing, and clinical-grade production systems for immunotherapy products. This infrastructure supports both ongoing clinical trials and future commercialization of CAR-T therapies for blood cancers such as lymphomas and leukemias.",immuneel-therapeutics,752746
Imply,imply.io,https://imply.io,https://jobs.sequoiacap.com/companies/imply,https://jobs.sequoiacap.com/companies/imply,https://www.sequoiacap.com/companies/imply/,,,,,,,,,0,0,,,,,,,,,,"Imply, founded by the original creators of Apache Druid, provides a complete real-time analytics platform based on Apache Druid. Imply is a multi-cloud data platform designed to deliver real-time ingestion and visualizations for event-driven and streaming data flows.  Apache Druid, an open-source database created by Imply's founders, enables next-generation real-time analytics solutions. Druid is widely adopted for analyzing user activity data, digital media logs, network flows, server metrics, application logs, and many other types of event-driven, streaming data. Druid is used in production by the world's largest and most innovative companies.  Imply is originating and leading a new category of data analytics focused on analytics-in-motion. With analytics-in-motion, organizations can move away from analytics solutions that are static, difficult to scale, delayed, and expensive and towards analytics solutions that are interactive, highly scalable, real-time, and cost-effective.  Leading organizations worldwide leverage Imply as the engine for analytics-powered applications that they build, and/or as a complete solution to directly solve internal BI and operational analytics use cases.  Imply has operations in North America, Europe, and Asia Pacific and is backed by A16Z, Bessemer Venture Partners, Tiger Global Management, Khosla Ventures, and Geodesic Capital.",imply,14766
Impossible Foods,impossiblefoods.com,https://impossiblefoods.com,https://jobs.sequoiacap.com/companies/impossible-foods,https://jobs.sequoiacap.com/companies/impossible-foods,https://www.sequoiacap.com/companies/impossible-foods/,,,,,,,,,0,0,,,,,,,,,,"Impossible Foods focuses on developing plant-based substitutes for meat, dairy, and fish products. It selects specific proteins and nutrients from greens, seeds, and grains to recreate the experience of meats and dairy products.  Founded by Patrick Brown and Monte Casino in 2011, Impossible Foods is headquartered in Redwood City, California.",impossible-foods,8681
Inflammatix,inflammatix.com,https://inflammatix.com,https://jobs.sequoiacap.com/companies/inflammatix,https://jobs.sequoiacap.com/companies/inflammatix,https://www.sequoiacap.com/companies/inflammatix/,,,,,,,,,0,0,,,,,,,,,,"Inflammatix develops novel molecular diagnostics for acute infections and sepsis that work by 'reading' the immune system. It is a molecular diagnostics company developing rapid tests that read the immune system to resolve major clinical and public health challenges.   They are initially focused on developing tests for acute bacterial and viral infections, and sepsis based on patent-pending biomarkers exclusively licensed from Stanford University.",inflammatix,14767
Inkeep,inkeep.com,https://inkeep.com,https://jobs.sequoiacap.com/companies/inkeep,https://jobs.sequoiacap.com/companies/inkeep,https://www.sequoiacap.com/companies/inkeep/,,,,,,,,,0,0,,,,,,,,,,"Inkeep is a platform to ship AI Agents for customer experience, go-to-market, and operations teams.   Inkeep Agents are deployed at scale today with leading companies like Anthropic, Midjourney, Clay, and PostHog.   With Inkeep, teams get an intuitive drag-and-drop visual agent builder while engineers get a developer SDK with all the code-based tools they expect. Agents can be edited in either format with full 2-way sync, so engineering and non-technical teams can collaborate.",inkeep,1104146
Inkitt,inkitt.com,https://inkitt.com,https://jobs.sequoiacap.com/companies/inkitt,https://jobs.sequoiacap.com/companies/inkitt,https://www.sequoiacap.com/companies/inkitt/,,,,,,,,,0,0,,,,,,,,,,"Inkitt is building the Disney of the 21st Century, standing at the forefront of technology and entertainment. Leveraging AI and predictive algorithms, Inkitt discovers unknown stories and turns them into blockbuster hits, producing a new $1M ebook every 4 weeks and selling directly to consumers through its Galatea app. Inkitt has become the 11th most bestseller-generating publisher in the world, boasting a 40x higher hit-rate than traditional publishers. Recently raising a Series C and backed by some of the top VCs such as Khosla, Kleiner Perkins, and NEA Ventures, our recent expansion into CandyJarTV is only the beginning of our journey to becoming the next-gen entertainment powerhouse.",inkitt,10183
Instacart,instacart.com,https://instacart.com,https://jobs.sequoiacap.com/companies/instacart,https://jobs.sequoiacap.com/companies/instacart,https://www.sequoiacap.com/companies/instacart/,,,,,,,,,0,0,,,,,,,,,,"Instacart is a grocery delivery startup that delivers in as short as an hour. It focuses on delivering groceries and home essentials. Instacart already has over 500,000 items from local stores in its catalogue. Customers can choose from a variety of local stores including Safeway, Whole Foods, Super Fresh, Harris Teeter, Shaw's, Mariano's, Jewel-Osco, Stanley's, and Costco. Customers can mix items from multiple stores into one order. Instacart has raised funding from Kleiner Perkins Caufield & Byers, Andreessen Horowitz, Sequoia Capital, Y Combinator, Khosla Ventures, and Canaan Partners among other participants.",instacart,627
Invoy,invoy.com,https://invoy.com,https://jobs.sequoiacap.com/companies/invoy,https://jobs.sequoiacap.com/companies/invoy,https://www.sequoiacap.com/companies/invoy/,,,,,,,,,0,0,,,,,,,,,,"At Invoy, we are committed to leveraging science, data, and artificial intelligence to help you reach your health and weight loss goals. Every person has a unique body chemistry and respective set of goals. Invoy strives to be at the forefront of solutions that target your individuality to enhance your performance.",invoy,12774
Ivy homes,ivy.homes,https://ivy.homes,https://jobs.sequoiacap.com/companies/ivy-homes-2,https://jobs.sequoiacap.com/companies/ivy-homes-2,https://www.sequoiacap.com/companies/ivy-homes-2/,,,,,,,,,0,0,,,,,,,,,,Ivy Homes makes instant offers to buy homes in India.,ivy-homes-2,1104147
Jetty,jetty.com,https://jetty.com,https://jobs.sequoiacap.com/companies/jetty,https://jobs.sequoiacap.com/companies/jetty,https://www.sequoiacap.com/companies/jetty/,,,,,,,,,0,0,,,,,,,,,,"Jetty is a financial services company that develops a real estate insurance platform to simplify the leasing process and improve conversion. The company is on a mission to make renting a home more affordable and effortless for everyone.  Jetty's solution helps property managers increase lease conversion, reduce bad debt, and streamline operations. For the renter, Jetty lowers the barrier to entry, saving residents thousands of dollars on move-in costs.  Jetty was founded by Mike Rudoy and Luke Cohler in 2015 and is headquartered in New York.",jetty,10885
Jido Maps,jidomaps.com,https://jidomaps.com,https://jobs.sequoiacap.com/companies/jido-maps,https://jobs.sequoiacap.com/companies/jido-maps,https://www.sequoiacap.com/companies/jido-maps/,,,,,,,,,0,0,,,,,,,,,,Jido is bringing in the next wave of AR where digital content can have a shared and persistent life in the real world. Our API uses intimate understanding of a user's spatial context to preserve AR experiences across users and devices. Our research team came out of the Stanford Artificial Intelligence Labs and the Cornell Robot Learning Lab.,jido-maps,19261
Jones,getjones.com,https://getjones.com,https://jobs.sequoiacap.com/companies/jones,https://jobs.sequoiacap.com/companies/jones,https://www.sequoiacap.com/companies/jones/,,,,,,,,,0,0,,,,,,,,,,"Jones is a software company that helps real estate and construction firms to make smart decisions about insurance so they can boost efficiency and mitigate insurance claims.  In over 2.5 billion square feet of real estate and construction projects, Jones helps our clients to leverage AI, software, and data in order to accelerate and fortify their insurance verification, collection, integration, and decisioning across both commercial and residential asset classes.",jones,10867
Juno,juno.co,https://juno.co,https://jobs.sequoiacap.com/companies/juno,https://jobs.sequoiacap.com/companies/juno,https://www.sequoiacap.com/companies/juno/,,,,,,,,,0,0,,,,,,,,,,"Juno Residential develops apartment buildings intended to offer environment-friendly and speedy housing alternatives. It uses prefabrication techniques and organic and low-carbon materials like mass timber, thereby providing clients with modern and curated apartments.",juno,26095
Jupiter,jupiter.co,https://jupiter.co,https://jobs.sequoiacap.com/companies/jupiter,https://jobs.sequoiacap.com/companies/jupiter,https://www.sequoiacap.com/companies/jupiter/,,,,,,,,,0,0,,,,,,,,,,"Jupiter is Shopify for the 30k+ food creators on TikTok and Instagram. Jupiter is a YC company founded out of Stanford. Jupiter helps food creators launch their own grocery powered recipe stores. These stores are integrated with the social shopping tools so followers can shop directly from their social feeds. Orders are processed through delivery APIs. Jupiter has acquired some of the largest food creators in the world including Half Baked Harvest, Carolina Gelen, and Molly Baz. Creators monetize by running brand sponsorships on their store.",jupiter,23904
Just,justforall.com,https://justforall.com,https://jobs.sequoiacap.com/companies/just,https://jobs.sequoiacap.com/companies/just,https://www.sequoiacap.com/companies/just/,,,,,,,,,0,0,,,,,,,,,,JUST Egg is a food manufacturing company that provides a wide range of egg products made from plants.,just,8684
Karius,kariusdx.com,https://kariusdx.com,https://jobs.sequoiacap.com/companies/karius,https://jobs.sequoiacap.com/companies/karius,https://www.sequoiacap.com/companies/karius/,,,,,,,,,0,0,,,,,,,,,,"Karius is a life sciences company focused on generating genomic insights for infectious diseases with a liquid biopsy for infectious diseases. The Karius Test helps clinicians make rapid treatment decisions. By mapping each patient’s microbial landscape from a single blood draw, Karius moves closer to a vision of a world where infectious disease is no longer a major threat to human health. The Karius laboratory is CLIA-certified and CAP-accredited to perform high-complexity clinical laboratory testing.",karius,9353
Karma Biotechnologies,karmabiotech.com,https://karmabiotech.com,https://jobs.sequoiacap.com/companies/karma-biotechnologies-2,https://jobs.sequoiacap.com/companies/karma-biotechnologies-2,https://www.sequoiacap.com/companies/karma-biotechnologies-2/,,,,,,,,,0,0,,,,,,,,,,"Karma Biotechnologies is a Los Angeles startup dedicated to solving autoimmunity, allergies, and food sensitivities with our Xavine™ precision immunotherapy platform. General immune suppression is still the standard of care for most autoimmune disease patients; there is a critical unmet need to develop antigen-specific therapies that inhibit only the disease-causing rogue immune cells. To meet this need, Karma is leveraging expertise in immunology and lipid nanoparticle engineering to develop tolerogenic immunotherapies that elicit antigen-specific immune tolerance in vivo.",karma-biotechnologies-2,58558
Kernel,kernel.co,https://kernel.co,https://jobs.sequoiacap.com/companies/kernel,https://jobs.sequoiacap.com/companies/kernel,https://www.sequoiacap.com/companies/kernel/,,,,,,,,,0,0,,,,,,,,,,"Startup consultancy with a focus on ML, DeepTech.",kernel,25938
Kiddom,kiddom.co,https://kiddom.co,https://jobs.sequoiacap.com/companies/kiddom,https://jobs.sequoiacap.com/companies/kiddom,https://www.sequoiacap.com/companies/kiddom/,,,,,,,,,0,0,,,,,,,,,,"Kiddom is an education platform offering a digital curriculum to engage students at home or in the classroom. It combines curriculum management, instruction, assessment, and communication tools into one solution to save schools valuable time, resources, and money. With the flexibility to access and edit curriculum from any location, it can effectively support teachers and learners engaging in in-class, blended, hybrid, or distance learning scenarios, as well as in the quick pivots between them.",kiddom,14769
Kind Humanoid,kindhumanoid.com,https://kindhumanoid.com,https://jobs.sequoiacap.com/companies/kind-humanoid,https://jobs.sequoiacap.com/companies/kind-humanoid,https://www.sequoiacap.com/companies/kind-humanoid/,,,,,,,,,0,0,,,,,,,,,,Kind Humanoid delivers intelligent robots and provides additional labor to build a better tomorrow.,kind-humanoid,1104144
Kognitos,kognitos.com,https://kognitos.com,https://jobs.sequoiacap.com/companies/kognitos-2,https://jobs.sequoiacap.com/companies/kognitos-2,https://www.sequoiacap.com/companies/kognitos-2/,,,,,,,,,0,0,,,,,,,,,,"Kognitos is an AI platform that automates business operations through neurosymbolic AI. It provides pre-built AI agents that analyze data and extract key information without requiring coding skills. Users can automate processes using plain English, making it accessible for sales teams to streamline their workflows. The platform emphasizes governance and tool consolidation, allowing organizations to enhance efficiency in their operations. Kognitos supports Sales Development Representatives by simplifying data retrieval and analysis, enabling them to focus on strategic tasks rather than manual data management. Overall, Kognitos transforms how businesses approach automation and data handling.",kognitos-2,292150
Koko Home,cairns.ai,https://cairns.ai,https://jobs.sequoiacap.com/companies/koko-home-2,https://jobs.sequoiacap.com/companies/koko-home-2,https://www.sequoiacap.com/companies/koko-home-2/,,,,,,,,,0,0,,,,,,,,,,"We aim to address two of the most important trends in healthcare today: a rapidly aging population and not enough clinicians to care for them, and the desire for patients to age and be cared for at home. Cairns Health offers a digital care companion and enablement platform (i.e., remote patient intervention) designed for senior living and home care. Our technology integrates intelligent ambient sensing (RADAR), artificial intelligence (AI), and large language models (LLMs) to streamline caregiver-patient interactions, enhance engagement, and empower patients with a deeper understanding of their care plans. The result is more timely and personalized interventions that improve care while reducing overall care delivery costs.",koko-home-2,1856832
LanzaTech,lanzatech.com,https://lanzatech.com,https://jobs.sequoiacap.com/companies/lanzatech,https://jobs.sequoiacap.com/companies/lanzatech,https://www.sequoiacap.com/companies/lanzatech/,,,,,,,,,0,0,,,,,,,,,,"LanzaTech offers a technology platform that transforms industrial waste gases such as carbon monoxide and carbon dioxide into valuable chemical intermediates and fuels through microbial gas fermentation. The company’s process captures emissions from heavy-industry sources and uses specialized microbes to convert those gases into ethanol, which is then refined into materials such as monoethylene glycol for packaging, solvents, proteins, and sustainable aviation fuels. LanzaTech integrates its bioconversion system with industrial emitters, enabling the reuse of carbon streams that would otherwise be released into the atmosphere, and supplies downstream manufacturers in sectors including packaging, textiles, and aviation with fossil-alternative feedstocks.",lanzatech,14771
Lattice,lattice.com,https://lattice.com,https://jobs.sequoiacap.com/companies/lattice,https://jobs.sequoiacap.com/companies/lattice,https://www.sequoiacap.com/companies/lattice/,,,,,,,,,0,0,,,,,,,,,,"Lattice is a company that develops performance management software. Its platform enables users to launch 360 performance review cycles and engagement surveys, keep track of OKRs, gather real-time feedback, and encourage manager 1-on-1 meetings.",lattice,5259
Lead Bank ,lead.bank,https://lead.bank,https://jobs.sequoiacap.com/companies/lead-bank-2,https://jobs.sequoiacap.com/companies/lead-bank-2,https://www.sequoiacap.com/companies/lead-bank-2/,,,,,,,,,0,0,,,,,,,,,,"Lead is a bank that provides financial services for individuals and businesses. It also operates a Banking-as-a-Service platform that helps FinTech companies build their own banking products. The platform offers solutions including lending, transfers, cards, and accounts for partners.",lead-bank-2,115570
Leaft Foods,leaftfoods.com,https://leaftfoods.com,https://jobs.sequoiacap.com/companies/leaft-foods,https://jobs.sequoiacap.com/companies/leaft-foods,https://www.sequoiacap.com/companies/leaft-foods/,,,,,,,,,0,0,,,,,,,,,,"Leaft Foods exists to reduce the environmental impact of food production. We capture the most plentiful protein on the planet, Rubisco from green leaves.",leaft-foods,71526
Lessen,lessen.com,https://lessen.com,https://jobs.sequoiacap.com/companies/lessen,https://jobs.sequoiacap.com/companies/lessen,https://www.sequoiacap.com/companies/lessen/,,,,,,,,,0,0,,,,,,,,,,"Lessen is a technologically enabled, end-to-end solution for outsourced real estate property services that delivers consistency, quality, and speed at scale. This includes primarily single-family and multifamily rental renovations, turns, and maintenance.  Through automation and real-time analytics, the company's technology suite is disrupting and modernizing a project management space that is still reliant on traditional organizational and communication models. Using its proprietary technology platform, its professional field project managers provide hands-on service and leverage a network of vetted service professionals in over 40 markets across the country.",lessen,31417
Lexion,lexion.ai,https://lexion.ai,https://jobs.sequoiacap.com/companies/lexion,https://jobs.sequoiacap.com/companies/lexion,https://www.sequoiacap.com/companies/lexion/,,,,,,,,,0,0,,,,,,,,,,"Lexion developed a contract management system that organizes all contracts in one place. The company's system automatically reads and interprets legal terms, policies, and documents, as well as finds and gains insights about the contracts in a unified system powered by Artificial Intelligence, while also integrating business, storage, and signature systems and syncing all work in an integrated contract hub, allowing businesses to save time and money while automatically tracking critical contract obligations.",lexion,17470
Li Industries,li-ind.com,https://li-ind.com,https://jobs.sequoiacap.com/companies/li-industries-2,https://jobs.sequoiacap.com/companies/li-industries-2,https://www.sequoiacap.com/companies/li-industries-2/,,,,,,,,,0,0,,,,,,,,,,"Li Industries is a start-up company focusing on developing the next generation of lithium-ion battery recycling technologies. Li Industries focuses on recycling lithium-ion batteries from electric vehicles, consumer electronics, and other energy storage systems. The company specializes in recovering valuable materials such as lithium, cobalt, nickel, and other essential metals used in battery production. By efficiently extracting these resources, Li Industries helps reduce environmental waste and supports the creation of new batteries from recycled components, contributing to a more sustainable battery supply chain.",li-industries-2,233882
Liberate Bio,liberatebio.com,https://liberatebio.com,https://jobs.sequoiacap.com/companies/liberate-bio,https://jobs.sequoiacap.com/companies/liberate-bio,https://www.sequoiacap.com/companies/liberate-bio/,,,,,,,,,0,0,,,,,,,,,,"Liberate Bio focuses on advancing non-viral delivery technologies for nucleic acid cargoes such as ASOs and siRNAs. The company aims to develop new vehicles to deliver oligonucleotide cargos, addressing genetic disorders. With a team of 50 employees, Liberate Bio operates within the biotechnology industry, working on innovative solutions for targeted delivery systems.",liberate-bio,1104123
Light Field Lab,lightfieldlab.com,https://lightfieldlab.com,https://jobs.sequoiacap.com/companies/light-field-lab,https://jobs.sequoiacap.com/companies/light-field-lab,https://www.sequoiacap.com/companies/light-field-lab/,,,,,,,,,0,0,,,,,,,,,,"Light Field Lab is a breakthrough technology startup that builds an innovative holographic ecosystem. It re-creates what optical physics calls a real image for off-screen projected objects by generating a massive number of viewing angles that correctly change with the point of view and location just like in the real world. They enable entirely new business opportunities across consumer and enterprise markets.  The company was founded in 2017 by Jon Karafin, Brendan Bevensee, and Ed Ibe, with the single mission to enable a holographic future by building upon the founders’ collective expertise of light field technology innovation. Based in San Jose, CA, Light Field Lab is backed by top-tier venture firms including Khosla Ventures.",light-field-lab,17785
Lightship,lightship.com,https://lightship.com,https://jobs.sequoiacap.com/companies/lightship,https://jobs.sequoiacap.com/companies/lightship,https://www.sequoiacap.com/companies/lightship/,,,,,,,,,0,0,,,,,,,,,,"We believe clinical research can be built to improve health equity globally. Learning if treatments are safe and effective for the people who need them requires us to offer studies that are more accessible and offer choice. We founded Lightship in 2018 with the inspiration to keep people at the heart of our work and use the latest innovations in digital health, technology, and remote care melded with high-quality clinical research to transform clinical trials.",lightship,19788
Limbic,limbic.ai,https://limbic.ai,https://jobs.sequoiacap.com/companies/limbic,https://jobs.sequoiacap.com/companies/limbic,https://www.sequoiacap.com/companies/limbic/,,,,,,,,,0,0,,,,,,,,,,Limbic provides psychological therapies to adults. They enable psychological therapy. They specialize in providing AI software for mental healthcare. They also provide medical devices to support referrals and clinical assessments in psychological therapy.,limbic,13864
Limelight Steel,limelightsteel.com,https://limelightsteel.com,https://jobs.sequoiacap.com/companies/limelight-steel,https://jobs.sequoiacap.com/companies/limelight-steel,https://www.sequoiacap.com/companies/limelight-steel/,,,,,,,,,0,0,,,,,,,,,,"Limelight Steel produces zero-emissions steel while using 40 percent less energy than any other technology. Its mission is to eliminate fossil fuels from steelmaking, which currently contributes over 7 percent of global CO2 emissions, by providing clean industrial heat specifically tuned for iron ore.",limelight-steel,82474
Linero ,linero.ai,https://linero.ai,https://jobs.sequoiacap.com/companies/linero,https://jobs.sequoiacap.com/companies/linero,https://www.sequoiacap.com/companies/linero/,,,,,,,,,0,0,,,,,,,,,,"Linero is building the operational infrastructure that ensures the world's most sensitive technologies reach the right hands, and never the wrong ones. Our customers include the most consequential companies in the world: leading AI labs, aerospace and defense primes, semiconductor giants, quantum computing pioneers, and companies pushing the frontier in chemicals, advanced manufacturing, and robotics. We are backed by world-class investors, technical mavericks, and senior leaders across enterprise, government, and national security. We are assembling a team of exceptional people to meet this historic moment. We are committed to building a company that defines an era, without compromising on creating a culture people are proud to be part of. We are looking for people with the ambition and conviction to shape both pursuits.",linero,5803609
Lookout,lookout.com,https://lookout.com,https://jobs.sequoiacap.com/companies/lookout,https://jobs.sequoiacap.com/companies/lookout,https://www.sequoiacap.com/companies/lookout/,,,,,,,,,0,0,,,,,,,,,,"Lookout, Inc. is the endpoint to cloud security company purpose-built for the intersection of enterprise and personal data. We safeguard data across devices, apps, networks, and clouds through our unified, cloud-native security platform — a solution that's as fluid and flexible as the modern digital world. By giving organizations and individuals greater control over their data, we enable them to unleash its value and thrive. Lookout is trusted by enterprises of all sizes, government agencies, and millions of consumers to protect sensitive data, enabling them to live, work, and connect — freely and safely.",lookout,14772
Loop Genomics,loopgenomics.com,https://loopgenomics.com,https://jobs.sequoiacap.com/companies/loop-genomics,https://jobs.sequoiacap.com/companies/loop-genomics,https://www.sequoiacap.com/companies/loop-genomics/,,,,,,,,,0,0,,,,,,,,,,"Loop Genomics is a platform technology for long-read DNA sequencing. Loop Genomics technology transforms short-read DNA sequencers into high-throughput, long-read, single-molecule DNA sequencing machines. Loop Genomics long-read DNA sequencing technology provides phased sequencing solutions across a diverse repertoire of research and clinical applications. Sequencing of partial rRNA gene sequences results in reduced phylogenetic resolution. Full-length, high-throughput, phased sequencing that covers all 16S variable regions is becoming the gold standard for profiling the microbiome. Achieve the highest resolution microbial community profiling with long-read, next-generation sequencing of the microbiome. Characterizing polymorphisms in HLA genes inside and outside of the protein-coding regions is important for organ transplantation compatibility testing and for strengthening causality association studies. The length of homologous sequences between HLA alleles extends beyond the capabilities of short-read sequencing platforms, resulting in diploid ambiguities and a reliance on imputation. Sequence full-length HLA DNA and/or RNA with phased, high-throughput, long-read sequencing that resolves allelic discrimination and diploid ambiguity. Viral genetic variability is a major determinant of viral drug resistance and viral vaccine efficacy. Accurately mapping viral genetic variability is a critical step in choosing the optimal course of therapy and developing efficacious vaccines. Key mutations are typically located throughout long stretches of viral genomes, making the retrieval of critical phased data challenging using short-read sequencing technology. Use phased, high-throughput DNA sequencing technology to map key mutations at the quasi-species level and generate a complete phased map of viral populations.",loop-genomics,5520
Loyal,loyalfordogs.com,https://loyalfordogs.com,https://jobs.sequoiacap.com/companies/loyal,https://jobs.sequoiacap.com/companies/loyal,https://www.sequoiacap.com/companies/loyal/,,,,,,,,,0,0,,,,,,,,,,"Loyal is a veterinary biotechnology company that develops pharmaceutical therapies for dogs aimed at extending their healthy lifespan and delaying age-associated diseases. It researches and formulates drug candidates designed to address the biological mechanisms of aging in different dog populations, including senior and large-breed dogs, with products progressing through clinical and regulatory pathways. Loyal engages in clinical studies and collaborates with veterinary professionals to advance its therapeutic programs and share scientific insights with the broader field. The company publishes research summaries to support transparency and enable other practitioners to build on its findings.",loyal,31553
Lumiata,lumiata.com,https://lumiata.com,https://jobs.sequoiacap.com/companies/lumiata,https://jobs.sequoiacap.com/companies/lumiata,https://www.sequoiacap.com/companies/lumiata/,,,,,,,,,0,0,,,,,,,,,,"Lumiata is transforming the healthcare enterprise through the application of AI. Bringing predictive power within reach of data science teams and business users, we’re driving predictability and precision at scale — empowering providers and payers to reduce risk and manage costs and move out of reliance on flat data into a future of insights.  Lumiata machine learning tools and pre-trained models comprise a scalable platform purpose-built for healthcare. Lumiata products are built from more than 120 million patient records, in-depth clinical knowledge, and its proprietary clinical IP. Lumiata enables healthcare organizations to explore use cases such as underwriting and care management. Lumiata is proud to be backed by Khosla Ventures, Blue Venture Fund, Defy.vc, and AllegisNL Capital.  Team Lumiata is distributed across Silicon Valley, Dallas, and Guadalajara, Mexico.",lumiata,8980
LuxWall,luxwall.com,https://luxwall.com,https://jobs.sequoiacap.com/companies/luxwall-2,https://jobs.sequoiacap.com/companies/luxwall-2,https://www.sequoiacap.com/companies/luxwall-2/,,,,,,,,,0,0,,,,,,,,,,"LuxWall is a building materials company that pioneers the design and manufacture of vacuum-insulated glass. LuxWall produces glass that acts as transparent insulation, providing thermal insulation values comparable to fiberglass wall insulation. With widespread adoption, LuxWall's patented technology has the potential to reduce global carbon emissions by more than 0.5 gigatonnes per year. The company was founded in 2020 and is headquartered in Ypsilanti, Michigan, United States.",luxwall-2,100884
Luzia,luzia.com,https://luzia.com,https://jobs.sequoiacap.com/companies/luzia-2,https://jobs.sequoiacap.com/companies/luzia-2,https://www.sequoiacap.com/companies/luzia-2/,,,,,,,,,0,0,,,,,,,,,,"Luzia developed an AI technology to transcribe audio communications on WhatsApp. The company's platform includes a chatbot that can be accessed via WhatsApp to answer questions about a variety of topics, generate text, translate languages, and even write creative material, allowing users to complete a variety of activities.",luzia-2,1104089
Mainspring Energy,mainspringenergy.com,https://mainspringenergy.com,https://jobs.sequoiacap.com/companies/mainspring-energy,https://jobs.sequoiacap.com/companies/mainspring-energy,https://www.sequoiacap.com/companies/mainspring-energy/,,,,,,,,,0,0,,,,,,,,,,"Mainspring Energy develops and manufactures linear generators that convert fuel into electricity. The company focuses on providing clean energy solutions that enhance power generation efficiency. Its technology is designed to support various applications, including onsite power generation. Mainspring Energy emphasizes sustainability and aims to contribute to the transition to cleaner energy sources. Through its innovative approach, the company seeks to meet the growing demand for flexible and environmentally friendly energy solutions. Partnerships with other organizations further expand its capabilities in delivering effective energy systems.",mainspring-energy,29960
Marble Health,marblehealth.com,https://marblehealth.com,https://jobs.sequoiacap.com/companies/marble-health-2,https://jobs.sequoiacap.com/companies/marble-health-2,https://www.sequoiacap.com/companies/marble-health-2/,,,,,,,,,0,0,,,,,,,,,,"Marble Health provides access to personalized therapy to help teens in their mental health journey. Marble Health provides prompt and affordable care for middle and high school students experiencing common mental health issues such as anxiety, depression, and trauma. They ensure that all teens and their families can access treatment using their existing insurance coverage, including both commercial and Medicaid plans.",marble-health-2,1334148
Matrix Industries,matrixindustries.com,https://matrixindustries.com,https://jobs.sequoiacap.com/companies/matrix-industries-2,https://jobs.sequoiacap.com/companies/matrix-industries-2,https://www.sequoiacap.com/companies/matrix-industries-2/,,,,,,,,,0,0,,,,,,,,,,"Matrix Industries is an information technology company that specializes in the manufacturing and distribution of smartwatches. It measures calories burned, activity level, and sleep using their advanced thermoelectric technology.",matrix-industries-2,1104160
MDAlgorithms,mdalgorithms.com,https://mdalgorithms.com,https://jobs.sequoiacap.com/companies/mdalgorithms,https://jobs.sequoiacap.com/companies/mdalgorithms,https://www.sequoiacap.com/companies/mdalgorithms/,,,,,,,,,0,0,,,,,,,,,,"MDAlgorithms uses smart algorithms, computer vision, and AI to provide real-time mobile tools for people with health disorders. The company's mission is to disrupt the old physician-centric medical system and put the patient in the center.",mdalgorithms,69882
Medal,medal.tv,https://medal.tv,https://jobs.sequoiacap.com/companies/medal,https://jobs.sequoiacap.com/companies/medal,https://www.sequoiacap.com/companies/medal/,,,,,,,,,0,0,,,,,,,,,,"Medal is a short-form gaming video clips platform used to share digital game clips and highlights with gamers. Its platform helps to capture the final seconds of gameplay utilizing completely different recording mechanisms that can be shared on the application that provide clips of live streams and that enable users to share their skills and get an enjoyable experience.  The company was founded in 2015 and is headquartered in Naarden, North-Holland.",medal,10934
Menten AI,menten.ai,https://menten.ai,https://jobs.sequoiacap.com/companies/menten-ai,https://jobs.sequoiacap.com/companies/menten-ai,https://www.sequoiacap.com/companies/menten-ai/,,,,,,,,,0,0,,,,,,,,,,"Menten AI designs new protein drugs and enzymes using quantum computers and machine learning. Proteins are large molecules that can twist into many shapes. Discovering the right shape for a protein to be a drug or a biocatalyst among almost endless possibilities is a major challenge. Menten AI solves this problem by using machine learning and quantum computing to find better starting points for discovery and further development. Quantum computing makes it possible to represent multiple states of the protein simultaneously and efficiently find the best designs. The team created the world’s first peptide designed on a quantum computer and is now working on peptide therapeutics for oncology and neurodegeneration, as well as on enzymes for industrial applications.",menten-ai,23333
Metaplane,metaplane.dev,https://metaplane.dev,https://jobs.sequoiacap.com/companies/metaplane,https://jobs.sequoiacap.com/companies/metaplane,https://www.sequoiacap.com/companies/metaplane/,,,,,,,,,0,0,,,,,,,,,,"Metaplane offers data observability products to enable organizations to trust their data. Data teams from companies like Bose, Sotheby's, Hightouch, GoFundMe, and Ramp use its observability platform to save engineering time and increase trust in data by understanding when things break, what went wrong, and how to fix it — before an executive messages them.  They do this by automatically monitoring modern data stacks from warehouses to BI dashboards, identifying normal behavior (e.g. lineage, volumes, distributions, freshness), then alerting the right people when things go wrong.  The company is founded by MIT and HubSpot alums and backed by leading investors including Y Combinator, Flybridge, and the founders of Okta, HubSpot, Lookout, Drift, and Clearbit.",metaplane,62620
Mighty Buildings,mightybuildings.com,https://mightybuildings.com,https://jobs.sequoiacap.com/companies/mighty-buildings,https://jobs.sequoiacap.com/companies/mighty-buildings,https://www.sequoiacap.com/companies/mighty-buildings/,,,,,,,,,0,0,,,,,,,,,,"Mighty Buildings is a cutting-edge construction technology company that uses 3D printing, robotics, and automation to build homes. It is a modular construction company working on disrupting the residential housing market with 3D printing tech, robotics, and composite materials backed by notable top-tier venture capital firms. The company creates a proprietary building material called Light Stone Material (LSM), which is similar to a synthetic stone that can be 3D printed, making the building process faster and with zero waste. LSM can also maintain a structure’s temperature better than concrete, wood, or steel.",mighty-buildings,10810
Mimica Automation,mimica.ai,https://mimica.ai,https://jobs.sequoiacap.com/companies/mimica-automation,https://jobs.sequoiacap.com/companies/mimica-automation,https://www.sequoiacap.com/companies/mimica-automation/,,,,,,,,,0,0,,,,,,,,,,"Mimica captures your work and learns to automate your most repetitive tasks. Its research and tech are backed by Entrepreneur First, Europe's most successful accelerator and seed fund.",mimica-automation,13849
Mirvie,mirvie.com,https://mirvie.com,https://jobs.sequoiacap.com/companies/mirvie,https://jobs.sequoiacap.com/companies/mirvie,https://www.sequoiacap.com/companies/mirvie/,,,,,,,,,0,0,,,,,,,,,,"Mirvie is a biotech company that creates precise, actionable, and non-invasive tests for maternal-fetal health. The company delivers insights to moms and families to make pregnancy safe.  It was founded in 2018 by Maneesh Jain and is headquartered in South San Francisco, California, United States.",mirvie,85240
Mojo Vision,mojo.vision,https://mojo.vision,https://jobs.sequoiacap.com/companies/mojo-vision,https://jobs.sequoiacap.com/companies/mojo-vision,https://www.sequoiacap.com/companies/mojo-vision/,,,,,,,,,0,0,,,,,,,,,,"Mojo Vision is focused on developing and commercializing high-performance micro-LED display technology for consumer, enterprise, and government applications. The company combines breakthrough technology, leading display and semiconductor expertise, and an advanced 300mm manufacturing process to deliver on the promise of micro-LED displays. Mojo’s proprietary quantum-dot technology brings full-color capability to its display platform and meets the superior performance demands for all form factors. Mojo Vision developed the world’s smallest, densest dynamic display for the first AR smart contact lens and is now applying this innovation and expertise to lead the disruption of the $160 billion display industry.  Mojo Vision was founded in 2015 and is headquartered in Saratoga, California.",mojo-vision,14774
Moonvalley,moonvalley.ai,https://moonvalley.ai,https://jobs.sequoiacap.com/companies/moonvalley-2-578a6635-ab45-48bd-8e92-7ea8c8b02b40,https://jobs.sequoiacap.com/companies/moonvalley-2-578a6635-ab45-48bd-8e92-7ea8c8b02b40,https://www.sequoiacap.com/companies/moonvalley-2-578a6635-ab45-48bd-8e92-7ea8c8b02b40/,,,,,,,,,0,0,,,,,,,,,,"Moonvalley produces and sells protein bars, chocolate bars, sports drinks, t-shirts, and hoodies.",moonvalley-2-578a6635-ab45-48bd-8e92-7ea8c8b02b40,1038341
Moonwalk Biosciences,moonwalk.bio,https://moonwalk.bio,https://jobs.sequoiacap.com/companies/moonwalk-biosciences,https://jobs.sequoiacap.com/companies/moonwalk-biosciences,https://www.sequoiacap.com/companies/moonwalk-biosciences/,,,,,,,,,0,0,,,,,,,,,,"Moonwalk Biosciences is a genomic medicine startup that aims to provide a new class of precision epigenetic therapeutics. The company is working on the development of a profiling and engineering technology platform that, with the help of advanced Artificial Intelligence prediction, provides a comprehensive view of the epigenome in health and disease, allowing healthcare providers to take a fresh look at how therapies are discovered and developed.",moonwalk-biosciences,1104166
MTailor,mtailor.com,https://mtailor.com,https://jobs.sequoiacap.com/companies/mtailor,https://jobs.sequoiacap.com/companies/mtailor,https://www.sequoiacap.com/companies/mtailor/,,,,,,,,,0,0,,,,,,,,,,MTailor is an iPad or iPhone service for men to capture their shirt size dimensions and have tailor-made shirts made and delivered.,mtailor,5429
Mudstack,mudstack.com,https://mudstack.com,https://jobs.sequoiacap.com/companies/mudstack,https://jobs.sequoiacap.com/companies/mudstack,https://www.sequoiacap.com/companies/mudstack/,,,,,,,,,0,0,,,,,,,,,,"Mudstack provides a unified asset management platform designed specifically for game studios and digital artists. The platform facilitates collaboration, management, and shipping of art assets, enhancing workflow efficiency. With features like version control and centralized feedback, Mudstack supports teams in streamlining their art pipelines.",mudstack,34459
Nabla Bio,nabla.bio,https://nabla.bio,https://jobs.sequoiacap.com/companies/nabla-bio,https://jobs.sequoiacap.com/companies/nabla-bio,https://www.sequoiacap.com/companies/nabla-bio/,,,,,,,,,0,0,,,,,,,,,,Nabla is an autoreverse platform that enables the rapid discovery of previously unattainable protein variants with supernatural qualities. Nabla Bio makes new medicines and improves nutrition by engineering novel proteins.,nabla-bio,31756
Natron Energy,natron.energy,https://natron.energy,https://jobs.sequoiacap.com/companies/natron-energy,https://jobs.sequoiacap.com/companies/natron-energy,https://www.sequoiacap.com/companies/natron-energy/,,,,,,,,,0,0,,,,,,,,,,"Natron Energy is an energy storage company that develops sodium ion battery solutions leveraging Prussian Blue electrode materials. Natron’s battery products are based on a unique Prussian Blue chemistry and can integrate into a wide variety of energy storage applications, ranging from critical backup power systems to EV fast charging and behind-the-meter applications.",natron-energy,14775
Neon,neon.tech,https://neon.tech,https://jobs.sequoiacap.com/companies/neon-2-fafc7050-f6c0-4a38-9c9c-e8dc0b61e31c,https://jobs.sequoiacap.com/companies/neon-2-fafc7050-f6c0-4a38-9c9c-e8dc0b61e31c,https://www.sequoiacap.com/companies/neon-2-fafc7050-f6c0-4a38-9c9c-e8dc0b61e31c/,,,,,,,,,0,0,,,,,,,,,,"Neon offers a serverless PostgreSQL architecture that separates storage and compute resources, enhancing scalability for applications. This open-source solution provides developers with flexibility and transparency, allowing them to manage their databases without the complexities of traditional systems. By leveraging a management-free environment, Neon enables faster application development, helping teams streamline their workflows. The platform is designed to support various data-driven projects while ensuring efficient resource utilization. Overall, Neon serves as a practical choice for developers seeking a modern database solution that simplifies operations and fosters innovation.",neon-2-fafc7050-f6c0-4a38-9c9c-e8dc0b61e31c,73804
Netspring,netspring.io,https://netspring.io,https://jobs.sequoiacap.com/companies/netspring,https://jobs.sequoiacap.com/companies/netspring,https://www.sequoiacap.com/companies/netspring/,,,,,,,,,0,0,,,,,,,,,,"NetSpring focuses on product and customer journey analytics. They offer tools to analyze product usage, user behavior, and customer experiences across various channels. The platform is designed for modern data environments, offering warehouse-native analytics without the need for data duplication. It helps businesses prioritize feature development, optimize customer acquisition, and reduce churn by analyzing user behavior and product interaction trends.",netspring,30147
Neurotrack,neurotrack.com,https://neurotrack.com,https://jobs.sequoiacap.com/companies/neurotrack,https://jobs.sequoiacap.com/companies/neurotrack,https://www.sequoiacap.com/companies/neurotrack/,,,,,,,,,0,0,,,,,,,,,,"Neurotrack is a digital health company on a mission to transform the diagnosis and management of Alzheimer's and other dementias. The company develops turnkey tools for providers that can be easily delivered at scale to facilitate early detection of cognitive impairment and ongoing monitoring of cognitive function. Neurotrack's patient-guided, clinically validated cognitive assessments work in the clinic or at home to fit any workflow. Neurotrack has published 27 peer-reviewed papers, holds 11 patents on its proprietary technology, and is registered as an FDA Class II medical device. For more information, visit neurotrack.com.  The company was founded in 2012 by Elli Kaplan and neuroscientist Dr. Stuart Zola and is based in Redwood City, California.",neurotrack,13215
NewGlobe,newglobe.education,https://newglobe.education,https://jobs.sequoiacap.com/companies/newglobe,https://jobs.sequoiacap.com/companies/newglobe,https://www.sequoiacap.com/companies/newglobe/,,,,,,,,,0,0,,,,,,,,,,"NewGlobe works with visionary governments around the world to dramatically improve the quality of basic education. Founded in 2007, we partner with governments to provide integrated school management, teacher professional development, instructional design innovation, technological system support, child-centered classroom practice, and parent engagement – all grounded in learning science – to ensure each teacher is empowered to engage children in transformational learning. Our data-driven approach has been validated by a Nobel-winning researcher and recognition by international leaders in education. We imagine a world where all children can access an education that unlocks their full potential.",newglobe,34716
Nextdoor,nextdoor.com,https://nextdoor.com,https://jobs.sequoiacap.com/companies/nextdoor,https://jobs.sequoiacap.com/companies/nextdoor,https://www.sequoiacap.com/companies/nextdoor/,,,,,,,,,0,0,,,,,,,,,,"Nextdoor connects neighbors to everything nearby: local businesses, services, news updates, recommendations, and stuff for sale from the people down the block. It believes that bringing neighbors together can cultivate a kinder world where everyone has a neighborhood they can rely on.  Building connections in the real world is a universal human need. That truth, and the reality that neighborhoods are among the most important communities in our lives, have been guiding principles for Nextdoor since the beginning. Today, neighbors rely on Nextdoor to tap into their neighborhoods worldwide, including the United States, the United Kingdom, Germany, France, the Netherlands, Italy, Spain, Sweden, Denmark, Australia, and Canada, with many more to come.  Nextdoor is a privately held company based in San Francisco with backing from prominent investors including Benchmark, Shasta Ventures, Greylock Partners, Kleiner Perkins, Riverwood Capital, Bond, Axel Springer, Comcast Ventures, and others. For additional information and images: nextdoor.com/newsroom.",nextdoor,11262
NextVivo,nextvivo.bio,https://nextvivo.bio,https://jobs.sequoiacap.com/companies/nextvivo,https://jobs.sequoiacap.com/companies/nextvivo,https://www.sequoiacap.com/companies/nextvivo/,,,,,,,,,0,0,,,,,,,,,,"NextVivo is a biotech company developing an immune organoid technology platform to transform the future of drug development. Its mission is to accelerate the development of safer, more effective therapies that are generated and tested in immune-competent human-derived models.",nextvivo,87741
Nick's,nicks.se,https://nicks.se,https://jobs.sequoiacap.com/companies/nick-s-2,https://jobs.sequoiacap.com/companies/nick-s-2,https://www.sequoiacap.com/companies/nick-s-2/,,,,,,,,,0,0,,,,,,,,,,"Nicks is a food-tech that offers snacks with no sugar, gluten, and palm oil.",nick-s-2,1104149
NimbleRx,nimblerx.com,https://nimblerx.com,https://jobs.sequoiacap.com/companies/nimblerx-2,https://jobs.sequoiacap.com/companies/nimblerx-2,https://www.sequoiacap.com/companies/nimblerx-2/,,,,,,,,,0,0,,,,,,,,,,"Provider of an on-demand drug delivery platform intended to create a better experience for patients at a lower price. Nimble partners with pharmacies nationwide to provide prescription delivery, as well as a mobile app for patients to manage and review prescriptions/orders from their phone.",nimblerx-2,5513
Nitricity,nitricity.co,https://nitricity.co,https://jobs.sequoiacap.com/companies/nitricity,https://jobs.sequoiacap.com/companies/nitricity,https://www.sequoiacap.com/companies/nitricity/,,,,,,,,,0,0,,,,,,,,,,"We make plant-based, climate-smart fertilizer for the good of our farmers and the planet.",nitricity,25992
Nomagic,nomagic.ai,https://nomagic.ai,https://jobs.sequoiacap.com/companies/nomagic,https://jobs.sequoiacap.com/companies/nomagic,https://www.sequoiacap.com/companies/nomagic/,,,,,,,,,0,0,,,,,,,,,,"Nomagic provides smart pick and place robotic solutions for order fulfillment. Their solutions bring efficiency, flexibility, and reliability to e-commerce warehouses. They automate tedious tasks while reducing the cost of fulfillment and allow warehouses to face shortages of labor and scale easily to 24/7 operations. Nomagic's first robots are on packing lines at Cdiscount, the #1 French eCommerce platform.",nomagic,62165
Nooma Bio,nooma.bio,https://nooma.bio,https://jobs.sequoiacap.com/companies/nooma-bio-2,https://jobs.sequoiacap.com/companies/nooma-bio-2,https://www.sequoiacap.com/companies/nooma-bio-2/,,,,,,,,,0,0,,,,,,,,,,"Nooma Bio is a creator of dual-nanopore technology that aims to decode the dynamic aspects of life to improve human health and wellbeing. The business's innovative platform creates high-resolution genome and epigenome maps by repeatedly scanning oligo-tagged DNA molecules with an electronic scanner in a matter of seconds, allowing researchers to decode genome-wide structural and epigenetic alterations that affect human health.",nooma-bio-2,399086
Novellia,novellia.com,https://novellia.com,https://jobs.sequoiacap.com/companies/novellia-2,https://jobs.sequoiacap.com/companies/novellia-2,https://www.sequoiacap.com/companies/novellia-2/,,,,,,,,,0,0,,,,,,,,,,"Novellia provides an AI-powered platform for individuals to access, manage, and gain insights from their personal health records.",novellia-2,343340
Nutanix,nutanix.com,https://nutanix.com,https://jobs.sequoiacap.com/companies/nutanix,https://jobs.sequoiacap.com/companies/nutanix,https://www.sequoiacap.com/companies/nutanix/,,,,,,,,,0,0,,,,,,,,,,"Nutanix is a cloud computing company that develops software for data centers, virtualization, storage, Kubernetes, database management, and hybrid multi-cloud infrastructure. Its products are designed to help organizations manage applications and data across on-premises systems and public cloud platforms from a unified environment.",nutanix,12030
NuTek Natural Ingredients,nuteknatural.com,https://nuteknatural.com,https://jobs.sequoiacap.com/companies/nutek-natural-ingredients-2,https://jobs.sequoiacap.com/companies/nutek-natural-ingredients-2,https://www.sequoiacap.com/companies/nutek-natural-ingredients-2/,,,,,,,,,0,0,,,,,,,,,,"NuTek Natural Ingredients specializes in R&D, sourcing, and manufacturing, and offers products in natural salt solutions.",nutek-natural-ingredients-2,458570
Ochre Bio,ochre-bio.com,https://ochre-bio.com,https://jobs.sequoiacap.com/companies/ochre-bio,https://jobs.sequoiacap.com/companies/ochre-bio,https://www.sequoiacap.com/companies/ochre-bio/,,,,,,,,,0,0,,,,,,,,,,"Ochre Bio develops genomic medicines to rejuvenate donors' livers before transplant, so that everyone who needs a new liver gets one. They use genomics to find and shut down over-active genes driving disease and then go directly to testing therapies in discarded donor livers that keep alive outside of the body.  Ochre Bio is within the heart of Oxford’s biotech innovation hub. Their scientific roots can be traced back to over 15 years leading liver genomics research and experience in bringing advanced therapies to market.",ochre-bio,26256
Ohalo Genetics,ohalogenetics.com,https://ohalogenetics.com,https://jobs.sequoiacap.com/companies/ohalo-genetics-2,https://jobs.sequoiacap.com/companies/ohalo-genetics-2,https://www.sequoiacap.com/companies/ohalo-genetics-2/,,,,,,,,,0,0,,,,,,,,,,Ohalo Genetics is an agriculture and biotechnology company that accelerates the growth of crops.,ohalo-genetics-2,24441
Okta,okta.com,https://okta.com,https://jobs.sequoiacap.com/companies/okta,https://jobs.sequoiacap.com/companies/okta,https://www.sequoiacap.com/companies/okta/,,,,,,,,,0,0,,,,,,,,,,"Okta is the provider of identity for the enterprise. The Okta Identity Cloud connects and protects employees of many enterprises. It also securely connects enterprises to their partners, suppliers, and customers. With deep integrations to over 5,000 apps, the Okta Identity Cloud enables simple and secure access from any device.  Okta helps customers fulfill their missions faster by making it safe and easy to use the technologies they need to do their significant work.",okta,14776
Olive,oliveai.com,https://oliveai.com,https://jobs.sequoiacap.com/companies/olive-2,https://jobs.sequoiacap.com/companies/olive-2,https://www.sequoiacap.com/companies/olive-2/,,,,,,,,,0,0,,,,,,,,,,"Olive deploys the AI workforce built specifically for healthcare, delivering hospitals and health systems increased revenue, reduced costs, and increased capacity. Olive automates repetitive, high-volume tasks and workflows, monitoring their performance, identifying improvements, and finding opportunities for new work. Olive gives power back to providers through her ever-growing, unparalleled intelligence made up of shared memories, collective wisdom, and global awareness, learning like a network so hospitals never have to solve the same problem twice.  Olive was founded in 2012 and is headquartered in Columbus, Ohio.",olive-2,22821
Omnea,omnea.co,https://omnea.co,https://jobs.sequoiacap.com/companies/omnea,https://jobs.sequoiacap.com/companies/omnea,https://www.sequoiacap.com/companies/omnea/,,,,,,,,,0,0,,,,,,,,,,"Omnea offers a procurement orchestration platform that streamlines source-to-pay workflows. It enables organizations to centralize supplier data, renewals, approvals, and purchase order automation, while embedding risk management and sourcing tools. Omnea provides modules for intelligent intake (request management), a supplier portal for due diligence, and no-code workflow building to define processes and approvals. Omnea’s reporting suite delivers visibility into spend, supplier performance, and compliance, and AI features assist with RFx generation, policy-aligned document parsing, and risk assessments. The platform integrates with finance and legal systems to reduce manual effort, maintain governance, and ensure consistent supplier evaluation.",omnea,71848
Onyx AI,onyx.app,https://onyx.app,https://jobs.sequoiacap.com/companies/onyx-ai-2-49905bec-944f-4ca8-b222-0b6249681831,https://jobs.sequoiacap.com/companies/onyx-ai-2-49905bec-944f-4ca8-b222-0b6249681831,https://www.sequoiacap.com/companies/onyx-ai-2-49905bec-944f-4ca8-b222-0b6249681831/,,,,,,,,,0,0,,,,,,,,,,"OpenSource Question-Answering System. Ask questions in natural language and get back answers backed by private sources such as Slack, GitHub, and Confluence.",onyx-ai-2-49905bec-944f-4ca8-b222-0b6249681831,1222468
Oobli,oobli.com,https://oobli.com,https://jobs.sequoiacap.com/companies/oobli,https://jobs.sequoiacap.com/companies/oobli,https://www.sequoiacap.com/companies/oobli/,,,,,,,,,0,0,,,,,,,,,,"Joywell Foods is developing the first healthy, protein sweeteners. Derived from exotic plants, protein sweeteners are rare compounds that provide an amazing taste without the calories. These proteins, produced through fermentation, have no glycemic impact and do not affect the gut microbiome. The company has received regulatory approvals, including FDA ""no questions"" letters and GRAS status for multiple proteins.",oobli,98418
Oooh,oooh.tv,https://oooh.tv,https://jobs.sequoiacap.com/companies/oooh-2-fd12e67b-15f3-4fb1-bed3-344308b5b038,https://jobs.sequoiacap.com/companies/oooh-2-fd12e67b-15f3-4fb1-bed3-344308b5b038,https://www.sequoiacap.com/companies/oooh-2-fd12e67b-15f3-4fb1-bed3-344308b5b038/,,,,,,,,,0,0,,,,,,,,,,"Oooh is a mobile app that provides entertainment through video games.   Oooh was founded in 2018 and was headquartered in California, United States.",oooh-2-fd12e67b-15f3-4fb1-bed3-344308b5b038,1104150
OpenAI,openai.com,https://openai.com,https://jobs.sequoiacap.com/companies/openai,https://jobs.sequoiacap.com/companies/openai,https://www.sequoiacap.com/companies/openai/,,,,,,,,,0,0,,,,,,,,,,"OpenAI is an AI research and deployment company that conducts research and implements machine learning. The research organization is dedicated to advancing artificial intelligence safely and beneficially. OpenAI aims to advance artificial general intelligence (AGI) that is safe, beneficial, and aligned with human values. The company focuses on creating AI systems that are capable of performing a wide range of tasks and learning autonomously from diverse data.",openai,66448
Opendoor,opendoor.com,https://opendoor.com,https://jobs.sequoiacap.com/companies/opendoor,https://jobs.sequoiacap.com/companies/opendoor,https://www.sequoiacap.com/companies/opendoor/,,,,,,,,,0,0,,,,,,,,,,"Opendoor operates an online real estate marketplace that streamlines the home-buying and selling process. The company helps sellers receive an offer without listing or showing their home, and buyers can browse for homes on sale and instantly unlock them using the company's application, which enables customers to buy and sell properties on a hassle-free freeway.",opendoor,2431
OpenTrons,opentrons.com,https://opentrons.com,https://jobs.sequoiacap.com/companies/opentrons,https://jobs.sequoiacap.com/companies/opentrons,https://www.sequoiacap.com/companies/opentrons/,,,,,,,,,0,0,,,,,,,,,,"Opentrons is a developer of pipetting robot technology designed to automate experiments. Their technology is automated laboratory equipment that automates experiments by using the Python language, enabling scientific researchers to make the process faster and less tiresome.",opentrons,5024
Ori,oriliving.com,https://oriliving.com,https://jobs.sequoiacap.com/companies/ori-2,https://jobs.sequoiacap.com/companies/ori-2,https://www.sequoiacap.com/companies/ori-2/,,,,,,,,,0,0,,,,,,,,,,"Ori is a smart space company that empowers people to get the most out of their living areas through the design of multi-functional, robotic-powered interior solutions. We partner with real estate developers, builders, property managers, and architects to optimize the square footage of the built environments they shape in order to create urban housing and spaces that are flexible, intelligent, sustainable, and affordable. We believe we should expect more from our spaces.",ori-2,31415
Oscar Health,hioscar.com,https://hioscar.com,https://jobs.sequoiacap.com/companies/oscar-health,https://jobs.sequoiacap.com/companies/oscar-health,https://www.sequoiacap.com/companies/oscar-health/,,,,,,,,,0,0,,,,,,,,,,"Oscar Health, Inc. is a health insurance company that focuses on providing affordable and accessible healthcare to its members through a full-stack technology platform.",oscar-health,384
Outsmart,joinoutsmart.com,https://joinoutsmart.com,https://jobs.sequoiacap.com/companies/outsmart,https://jobs.sequoiacap.com/companies/outsmart,https://www.sequoiacap.com/companies/outsmart/,,,,,,,,,0,0,,,,,,,,,,"Outsmart, a mission-driven startup rethinking higher education for the age of AI. We're building a new kind of collegiate experience to expand access and opportunity, backed by $38M from Khosla Ventures, Lightspeed, and others, and led by former Duolingo leaders Jorge, CEO and Gina, CMO.",outsmart,4259132
Overmoon,overmoon.com,https://overmoon.com,https://jobs.sequoiacap.com/companies/overmoon,https://jobs.sequoiacap.com/companies/overmoon,https://www.sequoiacap.com/companies/overmoon/,,,,,,,,,0,0,,,,,,,,,,Overmoon offers a growing collection of family-oriented rentals.,overmoon,64258
Overture Life,overture.life,https://overture.life,https://jobs.sequoiacap.com/companies/overture-life,https://jobs.sequoiacap.com/companies/overture-life,https://www.sequoiacap.com/companies/overture-life/,,,,,,,,,0,0,,,,,,,,,,"Overture Life is a biotechnology company that develops automated technologies for assisted reproductive procedures, aiming to enhance the efficiency and accessibility of in vitro fertilization (IVF). Its solutions focus on automating complex embryology lab processes, such as egg vitrification and embryo warming, to improve consistency and reduce costs. The company's DaVitri platform is designed to standardize these procedures, potentially increasing oocyte survival rates and decreasing the number of IVF cycles needed.",overture-life,37510
Paladin Drones,paladindrones.io,https://paladindrones.io,https://jobs.sequoiacap.com/companies/paladin-drones-2,https://jobs.sequoiacap.com/companies/paladin-drones-2,https://www.sequoiacap.com/companies/paladin-drones-2/,,,,,,,,,0,0,,,,,,,,,,"They have built a simple system to give first responders instant situational awareness. Seconds after a 911 call comes in, their software automatically dispatches a drone to the scene of the emergency and streams a live video feed back to our app. Their software handles everything else in the background: security, safety, weather, video, route planning, and more.",paladin-drones-2,11850
Parallel Web Systems,parallel.ai,https://parallel.ai,https://jobs.sequoiacap.com/companies/parallel-web-systems,https://jobs.sequoiacap.com/companies/parallel-web-systems,https://www.sequoiacap.com/companies/parallel-web-systems/,,,,,,,,,0,0,,,,,,,,,,"Parallel develops web-based infrastructure and APIs designed to enable artificial intelligence systems to access, process, and act on information from the open web. Its platform provides tools such as search, extraction, task execution, and monitoring APIs that allow AI agents to perform complex, multi-step research and data retrieval workflows. The company focuses on building systems that combine data retrieval, computation, and reasoning into unified outputs, emphasizing verifiable results and traceable sources. Its technology supports use cases such as structured data generation, continuous web monitoring, and automated dataset enrichment using real-time web data. Overall, Parallel Web Systems is oriented toward creating infrastructure that enables AI agents to interact with the web programmatically rather than through traditional human browsing patterns.",parallel-web-systems,2941244
Paravision,paravision.ai,https://paravision.ai,https://jobs.sequoiacap.com/companies/paravision,https://jobs.sequoiacap.com/companies/paravision,https://www.sequoiacap.com/companies/paravision/,,,,,,,,,0,0,,,,,,,,,,"Paravision is a core Identity AI technology provider delivering top-tier accuracy, fairness, and performance. Its AI products, including face recognition, liveness detection, deepfake detection, and age estimation, power identity workflows for enterprises and government agencies.  Paravision consistently ranks among the top global performers in industry benchmarks, including NIST’s Face Recognition Technology Evaluations and DHS Biometric Tests. Its technology enables identity, access, and fraud prevention systems at a global scale.  Trusted by leaders across travel, payments, digital identity, hospitality, security, and health identity sectors, the company combines benchmark-leading performance with ethically built, modular AI infrastructure for high-accuracy identity verification and authentication.",paravision,37511
PayNearMe,paynearme.com,https://paynearme.com,https://jobs.sequoiacap.com/companies/paynearme,https://jobs.sequoiacap.com/companies/paynearme,https://www.sequoiacap.com/companies/paynearme/,,,,,,,,,0,0,,,,,,,,,,"PayNearMe is a provider of web and mobile-based cash payments platform designed to facilitate online purchases and bill payments. The company's platform helps users to pay with cash for a range of goods and services from companies in e-commerce, property management, consumer finance, and transportation, enabling businesses, government agencies, and retail stores to digitize their cash collection process, reduce the headache of traditional cash and money order acceptance.  PayNearMe's technology provides a simple way for lenders to collect payments through an intuitive, consistent experience for their customers. In addition, payment reminders and mobile wallet integration drive more on-time payments.",paynearme,30252
Pearl Bio,pearlbio.com,https://pearlbio.com,https://jobs.sequoiacap.com/companies/pearl-bio,https://jobs.sequoiacap.com/companies/pearl-bio,https://www.sequoiacap.com/companies/pearl-bio/,,,,,,,,,0,0,,,,,,,,,,Pearl Bio is a synthetic biology company recording life to create a new era of biologics and biomaterials.,pearl-bio,74910
Pendulum,pendulumlife.com,https://pendulumlife.com,https://jobs.sequoiacap.com/companies/pendulum-2,https://jobs.sequoiacap.com/companies/pendulum-2,https://www.sequoiacap.com/companies/pendulum-2/,,,,,,,,,0,0,,,,,,,,,,"Pendulum Therapeutics believes therapies developed using evidence-based microbiome science and DNA sequencing can help heal the body from within. Armed with 13 patents and 42 pending, the company introduced its flagship product Pendulum Glucose Control, a medical probiotic, in 2020 and demonstrated its efficacy in lowering blood sugar spikes and reducing A1C in a published clinical trial. Founded in 2013 by a diverse team of scientists with deep microbiology, biochemistry, computational, and clinical expertise, Pendulum has raised $111 million to date from Meritech Capital, Sequoia Capital, True Ventures, Khosla Ventures, AME Cloud Ventures, and Mayo Clinic among others. Pendulum Therapeutics is headquartered in San Francisco.",pendulum-2,37512
Peripheral Labs,peripheral.so,https://peripheral.so,https://jobs.sequoiacap.com/companies/peripheral-labs,https://jobs.sequoiacap.com/companies/peripheral-labs,https://www.sequoiacap.com/companies/peripheral-labs/,,,,,,,,,0,0,,,,,,,,,,Peripheral Labs provides technology for live media and spatial intelligence.,peripheral-labs,4434437
Piazza,piazza.com,https://piazza.com,https://jobs.sequoiacap.com/companies/piazza,https://jobs.sequoiacap.com/companies/piazza,https://www.sequoiacap.com/companies/piazza/,,,,,,,,,0,0,,,,,,,,,,"Piazza is a learning platform designed to connect students, TAs, and professors in order for every student to get help whenever they need it. Users can start a class at Piazza.com and collaborate in real time with classmates and instructors to find the answers they need.",piazza,13689
"Pivot Health Technologies, Inc.",pivot.co,https://pivot.co,https://jobs.sequoiacap.com/companies/pivot-health-technologies-inc,https://jobs.sequoiacap.com/companies/pivot-health-technologies-inc,https://www.sequoiacap.com/companies/pivot-health-technologies-inc/,,,,,,,,,0,0,,,,,,,,,,"Pivot is a digital health care initiative to help people quit all kinds of tobacco using behavioral science, tech, and personal coaches.",pivot-health-technologies-inc,89954
Planted Solar,plantedsolar.com,https://plantedsolar.com,https://jobs.sequoiacap.com/companies/planted-solar-2,https://jobs.sequoiacap.com/companies/planted-solar-2,https://www.sequoiacap.com/companies/planted-solar-2/,,,,,,,,,0,0,,,,,,,,,,"Planted is redefining ground-mount solar deployment by simplifying every step, from planning to power. By combining advanced software, high-density terrain-following arrays, and automated installation into one integrated platform, Planted empowers developers, EPCs, and IPPs to unlock more land, lower costs, and build projects in half the time.  With a smarter, streamlined approach, Planted expands site options, reduces execution risk, and improves financial returns—accelerating solar’s path to delivering true energy abundance.  Planted is supported by Breakthrough Energy Ventures, Khosla Ventures, Piva Capital, and the United States Department of Energy.",planted-solar-2,1399003
Plum,plum.wine,https://plum.wine,https://jobs.sequoiacap.com/companies/plum-3,https://jobs.sequoiacap.com/companies/plum-3,https://www.sequoiacap.com/companies/plum-3/,,,,,,,,,0,0,,,,,,,,,,"Plum is an appliance that automatically identifies, chills to the perfect temperature, and provides a premium wine-drinking experience. Plum's flagship product reflects their mission of delivering the perfect glass of wine on-demand, every time – preserved and at the ideal serving temperature.  Plum was founded by David Koretz and backed by world-class investors and is dedicated to transforming how consumers enjoy wine from the bottle to the glass.",plum-3,14794
Polly,polly.io,https://polly.io,https://jobs.sequoiacap.com/companies/polly,https://jobs.sequoiacap.com/companies/polly,https://www.sequoiacap.com/companies/polly/,,,,,,,,,0,0,,,,,,,,,,"Polly develops a mortgage capital markets technology platform for lenders and financial institutions. It provides product and pricing engines, loan trading solutions, data analytics, and workflow automation. The platform uses AI and machine learning to support loan pricing, eligibility, risk assessment, and decision-making across the mortgage lifecycle.",polly,49807
Polymer,polymer.co,https://polymer.co,https://jobs.sequoiacap.com/companies/polymer-2-40f436d6-9d4b-4353-b2da-1694902b1148,https://jobs.sequoiacap.com/companies/polymer-2-40f436d6-9d4b-4353-b2da-1694902b1148,https://www.sequoiacap.com/companies/polymer-2-40f436d6-9d4b-4353-b2da-1694902b1148/,,,,,,,,,0,0,,,,,,,,,,Polymer is a job board and tracking software dashboard to manage applicants.,polymer-2-40f436d6-9d4b-4353-b2da-1694902b1148,722380
Prellis Biologics,prellisbio.com,https://prellisbio.com,https://jobs.sequoiacap.com/companies/prellis-biologics,https://jobs.sequoiacap.com/companies/prellis-biologics,https://www.sequoiacap.com/companies/prellis-biologics/,,,,,,,,,0,0,,,,,,,,,,"Prellis employs holographic tissue printing technology with fully human antibody discovery, in vitro human disease, and ADME/Tox models.",prellis-biologics,13421
Primer,primer.com,https://primer.com,https://jobs.sequoiacap.com/companies/primer-2-c294fe69-4ab0-428c-aca8-3414a37c71ae,https://jobs.sequoiacap.com/companies/primer-2-c294fe69-4ab0-428c-aca8-3414a37c71ae,https://www.sequoiacap.com/companies/primer-2-c294fe69-4ab0-428c-aca8-3414a37c71ae/,,,,,,,,,0,0,,,,,,,,,,"At Primer, students learn at their own pace, pursue their passions, and get the support they deserve. A school designed for tomorrow's leaders, enrolling today.",primer-2-c294fe69-4ab0-428c-aca8-3414a37c71ae,72439
Probably Genetic,probablygenetic.com,https://probablygenetic.com,https://jobs.sequoiacap.com/companies/probably-genetic,https://jobs.sequoiacap.com/companies/probably-genetic,https://www.sequoiacap.com/companies/probably-genetic/,,,,,,,,,0,0,,,,,,,,,,"Probably Genetic is changing the lives of patients living with severe, complex diseases. Our technology discovers patients online, analyzes their disease state using AI and at-home testing, and connects patients to relevant resources. In doing so, we help patients access diagnoses, interventions, and resources as early as possible. Our data platform is used by drug developers and patient advocacy groups to develop and launch treatments for these patients.",probably-genetic,21108
Proclaim,proclaimhealth.com,https://proclaimhealth.com,https://jobs.sequoiacap.com/companies/proclaim-2,https://jobs.sequoiacap.com/companies/proclaim-2,https://www.sequoiacap.com/companies/proclaim-2/,,,,,,,,,0,0,,,,,,,,,,Proclaim is a developer of an oral care platform designed to prevent oral diseases.,proclaim-2,1104114
Pymetrics,pymetrics.com,https://pymetrics.com,https://jobs.sequoiacap.com/companies/pymetrics,https://jobs.sequoiacap.com/companies/pymetrics,https://www.sequoiacap.com/companies/pymetrics/,,,,,,,,,0,0,,,,,,,,,,"PyMET operates in the technology sector, offering software development services. The company specializes in Python, a high-level programming language, and Meteor, a full-stack JavaScript platform. PyMET's team of professionals uses these technologies to build web applications. The company's services include, but are not limited to, web development, mobile application development, and software testing. PyMET's solutions are designed to help businesses streamline their operations and improve efficiency.",pymetrics,9096
Q Bio,q.bio,https://q.bio,https://jobs.sequoiacap.com/companies/q-bio,https://jobs.sequoiacap.com/companies/q-bio,https://www.sequoiacap.com/companies/q-bio/,,,,,,,,,0,0,,,,,,,,,,"Q Bio was founded in 2015 by Jeffrey Kaditz, serial entrepreneur and Founder of Affirm, Dr. Michael Snyder, Chair of Genetics and Director of Personalized Medicine at Stanford University, and Dr. Garry Choy, physician, radiologist, and former Chief Medical Information Officer at Mass General Hospital. Q Bio is fortunate to be backed by some of the best venture groups in the world including A16Z, Khosla Ventures, Founders Fund, SciFi VC, and Kevin Durant. This interdisciplinary team based in San Carlos, CA, is comprised of pioneers in fields such as applied math, computational physics, electrical engineering, genetics, and radiology, hailing from a dizzying array of home countries and cultural backgrounds.",q-bio,14779
Quadrant Eye,quadranteye.com,https://quadranteye.com,https://jobs.sequoiacap.com/companies/quadrant-eye,https://jobs.sequoiacap.com/companies/quadrant-eye,https://www.sequoiacap.com/companies/quadrant-eye/,,,,,,,,,0,0,,,,,,,,,,QE is breaking new ground in online eyecare.,quadrant-eye,35129
Quantopian,quantopian.com,https://quantopian.com,https://jobs.sequoiacap.com/companies/quantopian,https://jobs.sequoiacap.com/companies/quantopian,https://www.sequoiacap.com/companies/quantopian/,,,,,,,,,0,0,,,,,,,,,,"Quantopian inspires talented people everywhere to write investment algorithms. Select authors may license their ALGORITHMS to us and get paid based on performance.  We provide capital, data, and infrastructure for quants to research, code, test, and trade algorithmic investing strategies. We have an engaged community of 195,000 quants who discuss concepts and practice, and learn from peers and experts. We provide capital for our community to trade with, both through a monthly contest and through an allocation process for high-quality algorithms.  For more information, visit https://www.quantopian.com. Follow us on Twitter @quantopian.",quantopian,4943
Quantum Formatics,quantumformatics.com,https://quantumformatics.com,https://jobs.sequoiacap.com/companies/quantum-formatics,https://jobs.sequoiacap.com/companies/quantum-formatics,https://www.sequoiacap.com/companies/quantum-formatics/,,,,,,,,,0,0,,,,,,,,,,"Quantum Formatics focuses on engineering superconductors that balance performance with manufacturability, mechanical durability, and cost considerations. Its technology targets operation at intermediate temperatures to reduce reliance on complex cryogenic systems while maintaining strong magnetic field capabilities. The materials are intended for use in applications such as medical imaging, energy systems, power transmission, and advanced transportation infrastructure.",quantum-formatics,3617512
QuantumScape,quantumscape.com,https://quantumscape.com,https://jobs.sequoiacap.com/companies/quantumscape,https://jobs.sequoiacap.com/companies/quantumscape,https://www.sequoiacap.com/companies/quantumscape/,,,,,,,,,0,0,,,,,,,,,,"QuantumScape develops solid-state lithium-metal batteries for electric vehicles and other energy storage applications.  The company works to revolutionize the battery industry by producing a solid-state battery that will provide a substantially higher level of battery storage than other batteries currently on the market. It manufactures lithium batteries aimed to accelerate the commercialization of solid-state batteries. The company's innovative approach could significantly impact the future of electric transportation and renewable energy integration.  Jagdeep Singh founded the company in San Jose, California, in 2010.",quantumscape,14780
Quartzy,quartzy.com,https://quartzy.com,https://jobs.sequoiacap.com/companies/quartzy,https://jobs.sequoiacap.com/companies/quartzy,https://www.sequoiacap.com/companies/quartzy/,,,,,,,,,0,0,,,,,,,,,,"Quartzy provides the only complete solution for lab management that includes the world’s most comprehensive catalog of more than 3M lab supplies and deals backed by 1,000's of top suppliers. Trusted by 200,000 scientists across 13,000 labs nationwide, Quartzy streamlines inventory and purchasing communications to save labs time and money.",quartzy,5032
Quell,playquell.com,https://playquell.com,https://jobs.sequoiacap.com/companies/quell,https://jobs.sequoiacap.com/companies/quell,https://www.sequoiacap.com/companies/quell/,,,,,,,,,0,0,,,,,,,,,,Quell delivers a virtual fitness world that offers a unique experience of intense workouts while gaming to achieve fitness goals. The startup uses resistance bands to help players get fit while fighting their way through a virtual fitness world. It coins itself as a “Peloton meets gaming” and charges a monthly fee to keep content fresh.,quell,31414
Quoherent,quoherent.com,https://quoherent.com,https://jobs.sequoiacap.com/companies/quoherent-2,https://jobs.sequoiacap.com/companies/quoherent-2,https://www.sequoiacap.com/companies/quoherent-2/,,,,,,,,,0,0,,,,,,,,,,Quoherent develops a portable quantum computer processor using qubits made from topological insulators.,quoherent-2,1104165
rabbit,rabbit.tech,https://rabbit.tech,https://jobs.sequoiacap.com/companies/rabbit-2,https://jobs.sequoiacap.com/companies/rabbit-2,https://www.sequoiacap.com/companies/rabbit-2/,,,,,,,,,0,0,,,,,,,,,,"Rabbit Inc. is a technology company developing consumer electronics driven by novel, simple, and intuitive interactive paradigms. Rabbit is the creator of the Large Action Model (LAM), a new type of foundation model for human actions on computer applications, and Rabbit OS, a personalized operating system through a natural language interface. Rabbit's first product, Rabbit R1, is an affordable companion device designed in collaboration with Teenage Engineering.",rabbit-2,1104060
Rad AI,radai.com,https://radai.com,https://jobs.sequoiacap.com/companies/rad-ai,https://jobs.sequoiacap.com/companies/rad-ai,https://www.sequoiacap.com/companies/rad-ai/,,,,,,,,,0,0,,,,,,,,,,"Rad AI develops an artificial intelligence automated report generation platform to automate repetitive tasks for radiologists. Its platform integrates with existing workflow, automating repetitive tasks and enabling radiologists to improve radiology workflow that maximizes efficiency and accuracy while reducing burnout for radiologists and improving patient care.",rad-ai,22594
Rain,raincards.xyz,https://raincards.xyz,https://jobs.sequoiacap.com/companies/rain-2-39e6e164-4dce-42b8-ad8a-e4bda2a0a071,https://jobs.sequoiacap.com/companies/rain-2-39e6e164-4dce-42b8-ad8a-e4bda2a0a071,https://www.sequoiacap.com/companies/rain-2-39e6e164-4dce-42b8-ad8a-e4bda2a0a071/,,,,,,,,,0,0,,,,,,,,,,"Rain provides infrastructure for stablecoin-powered payments and financial products for businesses. The company builds APIs and tools that let partners create and manage digital wallets, embed stablecoin accounts, and issue payment cards that connect blockchain settlement with traditional payment networks like Visa. Its platform supports money-in and money-out flows, fiat-to-stablecoin conversion, and compliance features so enterprises and financial platforms can integrate digital money use cases directly into their products. Rain’s technology is modular, enabling firms to pick components such as card issuance, wallet services, and cross-border payouts based on their needs.",rain-2-39e6e164-4dce-42b8-ad8a-e4bda2a0a071,97426
Ravenna,ravenna.ai,https://ravenna.ai,https://jobs.sequoiacap.com/companies/ravenna-2-21c2087d-ba5b-4256-a369-c48d8f2d55f2,https://jobs.sequoiacap.com/companies/ravenna-2-21c2087d-ba5b-4256-a369-c48d8f2d55f2,https://www.sequoiacap.com/companies/ravenna-2-21c2087d-ba5b-4256-a369-c48d8f2d55f2/,,,,,,,,,0,0,,,,,,,,,,"Ravenna offers an AI-driven internal help desk platform designed for IT and operations teams. The platform integrates seamlessly with Slack, enabling users to convert any Slack message, including direct messages, into support tickets. Ravenna automates service requests, streamlines workflows, and provides AI-powered knowledge generation to enhance internal support processes. It also offers analytics to help teams measure and improve their performance over time.",ravenna-2-21c2087d-ba5b-4256-a369-c48d8f2d55f2,3215806
Raxium,raxium.com,https://raxium.com,https://jobs.sequoiacap.com/companies/raxium-2,https://jobs.sequoiacap.com/companies/raxium-2,https://www.sequoiacap.com/companies/raxium-2/,,,,,,,,,0,0,,,,,,,,,,"Raxium specializes in developing tiny light-emitting diodes for displays used in AR hardware. Its pixel technology brings monolithic integration to MicroLEDs ranging from augmented and virtual reality micro-displays to life-size panel-based light field arrays, enabling users to naturally interact with data in the context of everyday activities.",raxium-2,286348
Realta Fusion,realtafusion.com,https://realtafusion.com,https://jobs.sequoiacap.com/companies/realta-fusion,https://jobs.sequoiacap.com/companies/realta-fusion,https://www.sequoiacap.com/companies/realta-fusion/,,,,,,,,,0,0,,,,,,,,,,"Realta Fusion develops fusion energy technology for the production of industrial heat and power. It applies advances in super-conducting materials, plasma physics, and computing power to a simple linear fusion reactor configuration. It utilizes abundant fuel sources to provide a zero-carbon source of heat and power.",realta-fusion,144264
Redcar,redcar.io,https://redcar.io,https://jobs.sequoiacap.com/companies/redcar,https://jobs.sequoiacap.com/companies/redcar,https://www.sequoiacap.com/companies/redcar/,,,,,,,,,0,0,,,,,,,,,,"Redcar is the easiest way for B2B companies to scale their sales teams. We provide building blocks to create AI Agents tailored to each company’s unique workflows, so human sales reps can focus on closing deals.",redcar,1594314
Redoxblox,redoxblox.com,https://redoxblox.com,https://jobs.sequoiacap.com/companies/redoxblox-2,https://jobs.sequoiacap.com/companies/redoxblox-2,https://www.sequoiacap.com/companies/redoxblox-2/,,,,,,,,,0,0,,,,,,,,,,"Tempo (formerly Redoxblox) provides thermochemical energy storage (TCES) solutions to decarbonize high-temperature industrial processes. Using modular ""thermochemical batteries"" made from non-toxic metal oxides, Tempo enables operators to store low-cost renewable energy and discharge continuous heat up to 1,200°C. Backed by Breakthrough Energy Ventures and Khosla Ventures, the San Diego-based firm offers a cost-competitive, electrified alternative to fossil fuel combustion for sectors like cement, metals, and food and beverage.",redoxblox-2,532618
Reevoai,reevo.ai,https://reevo.ai,https://jobs.sequoiacap.com/companies/reevoai-2,https://jobs.sequoiacap.com/companies/reevoai-2,https://www.sequoiacap.com/companies/reevoai-2/,,,,,,,,,0,0,,,,,,,,,,"Reevo offers an integrated sales platform that supports go-to-market teams through every stage of the revenue process, from prospecting and outreach to deal closing and post-sale management. It enables users to source and enrich target accounts, run multi-channel sequences, handle email deliverability and dialing, capture meeting recordings and insights, and manage pipelines and forecasts all within a unified interface. Reevo also embeds native AI tools that surface next steps, draft follow-ups, and provide contextual insights across customer interactions so that sales activity is tied directly to meaningful outcomes.",reevoai-2,1898498
Reflex Robotics,reflexrobotics.com,https://reflexrobotics.com,https://jobs.sequoiacap.com/companies/reflex-robotics,https://jobs.sequoiacap.com/companies/reflex-robotics,https://www.sequoiacap.com/companies/reflex-robotics/,,,,,,,,,0,0,,,,,,,,,,"Reflex Robotics is building affordable ($10k) humanoid robots to automate dangerous and repetitive tasks in logistics and manufacturing. We envision a future where everyone has their own humanoid robot that can do the boring stuff and help them focus on more fulfilling work.  Our robots are designed and built in-house by an engineering team that led development of the Stretch robot at Boston Dynamics and key parts of the Model S, X, Y production line at Tesla.",reflex-robotics,1222300
Regie,regie.ai,https://regie.ai,https://jobs.sequoiacap.com/companies/regie,https://jobs.sequoiacap.com/companies/regie,https://www.sequoiacap.com/companies/regie/,,,,,,,,,0,0,,,,,,,,,,"Regie.ai develops an AI-powered sales engagement platform that automates outbound prospecting and enhances workflow efficiency. The company's platform, RegieOne, integrates sales engagement, parallel dialing, enrichment, and intent data, providing operations teams with a centralized view of their processes.",regie,98359
Rejuvenation Technologies,rejuvenationtech.com,https://rejuvenationtech.com,https://jobs.sequoiacap.com/companies/rejuvenation-technologies-2,https://jobs.sequoiacap.com/companies/rejuvenation-technologies-2,https://www.sequoiacap.com/companies/rejuvenation-technologies-2/,,,,,,,,,0,0,,,,,,,,,,"Rejuvenation Technologies is a biotechnology company that developed nucleoside-modified TERT mRNA to safely and rapidly extend telomeres. The company is headquartered in Mountain View, California.",rejuvenation-technologies-2,219462
Relation Therapeutics,relationrx.com,https://relationrx.com,https://jobs.sequoiacap.com/companies/relation-therapeutics,https://jobs.sequoiacap.com/companies/relation-therapeutics,https://www.sequoiacap.com/companies/relation-therapeutics/,,,,,,,,,0,0,,,,,,,,,,"Relation Therapeutics is a biotechnology company that focuses on humanizing drug discovery and development. It leverages human genetics and clinical omics data and utilizes patient-derived tissue samples with functional genomics interventional experiments to identify, validate, and prosecute therapeutic programs.",relation-therapeutics,167926
Remio,remiovr.com,https://remiovr.com,https://jobs.sequoiacap.com/companies/remio-2,https://jobs.sequoiacap.com/companies/remio-2,https://www.sequoiacap.com/companies/remio-2/,,,,,,,,,0,0,,,,,,,,,,"Remio delivers a pre-configured VR headset to each team member and hosts the entire team for fun team-building experiences. Known as one of ""the most fun ways to connect business teams,"" the VR HQ also offers collaboration tools such as whiteboarding, JIRA project planning, and presentation rooms.",remio-2,33851
Replika,replika.com,https://replika.com,https://jobs.sequoiacap.com/companies/replika-2-25038fff-450f-4688-ae65-fc819aca94bc,https://jobs.sequoiacap.com/companies/replika-2-25038fff-450f-4688-ae65-fc819aca94bc,https://www.sequoiacap.com/companies/replika-2-25038fff-450f-4688-ae65-fc819aca94bc/,,,,,,,,,0,0,,,,,,,,,,"Replika is an AI chatbot that talks to you like a friend. It is a digital companion that helps you feel more connected to the people and things you love. Replika is here to support you, listen to you, and learn from you. It is a safe space for you to share your thoughts, feelings, and experiences.",replika-2-25038fff-450f-4688-ae65-fc819aca94bc,1875876
Replit,replit.com,https://replit.com,https://jobs.sequoiacap.com/companies/replit-2,https://jobs.sequoiacap.com/companies/replit-2,https://www.sequoiacap.com/companies/replit-2/,,,,,,,,,0,0,,,,,,,,,,"Replit provides a cloud-based software development platform that allows users to write, run, and deploy applications through a browser-based environment. The platform includes an integrated code editor, terminal, debugging tools, and hosting features that support the creation and deployment of full-stack applications from a single workspace. Replit supports multiple programming languages and provides preconfigured development environments so projects can start without installing local software.  The platform includes collaboration features that enable multiple users to edit and run code within the same project in real time. It also offers AI-assisted coding tools that generate code suggestions, help debug programs, and assist with building applications through natural language prompts. Replit provides project sharing, templates, and integration with external services and repositories to support development workflows.",replit-2,33638
ReSource Chemical,resourcechemicalcorp.com,https://resourcechemicalcorp.com,https://jobs.sequoiacap.com/companies/resource-chemical,https://jobs.sequoiacap.com/companies/resource-chemical,https://www.sequoiacap.com/companies/resource-chemical/,,,,,,,,,0,0,,,,,,,,,,"Resource Chemical develops CO2 into high-performance plastics that do not pollute the environment. The company's headquarters are in Berkeley, California.",resource-chemical,34769
Ridecell,ridecell.com,https://ridecell.com,https://jobs.sequoiacap.com/companies/ridecell,https://jobs.sequoiacap.com/companies/ridecell,https://www.sequoiacap.com/companies/ridecell/,,,,,,,,,0,0,,,,,,,,,,"Ridecell Inc. is the way in the digital transformation of fleet businesses and operations. Our Fleet IoT (Internet of Things) Automation solutions modernize and monetize fleets by combining data insights with digital vehicle control to turn today’s manual processes into automated workflows. The result is unmatched levels of efficiency and control for shared services, motorpools, rental, and logistic fleets.  Today, Ridecell powers some of the most successful fleet businesses in cities across Europe and North America, including Ferrovial, Groupe Renault, Gig Car Share from AAA, and Toyota Sweden. Ridecell is headquartered in San Francisco with offices in Madrid, Paris, Berlin, and Pune, India.",ridecell,5552
Rightway,rightwayhealthcare.com,https://rightwayhealthcare.com,https://jobs.sequoiacap.com/companies/rightway,https://jobs.sequoiacap.com/companies/rightway,https://www.sequoiacap.com/companies/rightway/,,,,,,,,,0,0,,,,,,,,,,"Rightway is a leading technology and services company radically simplifying healthcare for clients and members. Its Care Navigation and new-to-the-world PBM platform reimagine the member experience, generate industry-leading engagement, and significantly reduce total cost-of-care.",rightway,66449
RingCentral,ringcentral.com,https://ringcentral.com,https://jobs.sequoiacap.com/companies/ringcentral,https://jobs.sequoiacap.com/companies/ringcentral,https://www.sequoiacap.com/companies/ringcentral/,,,,,,,,,0,0,,,,,,,,,,"RingCentral is a leading provider of business cloud communications and contact center solutions based on its powerful Message Video Phone™ (MVP®) global platform. More flexible and cost-effective than legacy on-premises PBX and video conferencing systems that it replaces, RingCentral empowers modern mobile and distributed workforces to communicate, collaborate, and connect via any mode, any device, and any location.",ringcentral,120163
Ripple Foods,ripplefoods.com,https://ripplefoods.com,https://jobs.sequoiacap.com/companies/ripple-foods,https://jobs.sequoiacap.com/companies/ripple-foods,https://www.sequoiacap.com/companies/ripple-foods/,,,,,,,,,0,0,,,,,,,,,,"Ripple Foods specializes in making non-dairy milk with just as much protein as milk and half the sugar.   Ripple has 8x the protein of almond milk and half the sugar of dairy milk. It’s high in bioavailable calcium (50% more than milk), potassium, and provides a good source of omega-3s. It’s lower in calories than milk and best of all, it has the creamy, delicious texture our dairy-free friends are missing. No more thin, chalky almond, soy, or cashew milk.  It was founded in 2014 and headquartered in Emeryville, California.",ripple-foods,16620
Rocket Lab,rocketlabusa.com,https://rocketlabusa.com,https://jobs.sequoiacap.com/companies/rocket-lab,https://jobs.sequoiacap.com/companies/rocket-lab,https://www.sequoiacap.com/companies/rocket-lab/,,,,,,,,,0,0,,,,,,,,,,"Rocket Lab delivers launch services, spacecraft design and manufacturing, satellite components, and on-orbit operations. It operates rockets such as Electron for small-satellite orbital launches and develops a medium-lift vehicle called Neutron for larger payloads. The company offers a family of spacecraft buses (e.g., Photon, Pioneer, Lightning, Explorer) suitable for a variety of missions, from low-Earth orbit communications and remote sensing to deep-space research. It also supplies satellite subsystems (solar arrays, star trackers, radios, separation systems, etc.) and ground software and mission-operations support. Rocket Lab enables customers across commercial, civil, defense, and research sectors to deploy and operate satellites and spacecraft under one integrated provider.",rocket-lab,14781
Rogo,rogo.ai,https://rogo.ai,https://jobs.sequoiacap.com/companies/rogo-2-5b85e7f6-0093-4699-81a6-bb8642faf5b2,https://jobs.sequoiacap.com/companies/rogo-2-5b85e7f6-0093-4699-81a6-bb8642faf5b2,https://www.sequoiacap.com/companies/rogo-2-5b85e7f6-0093-4699-81a6-bb8642faf5b2/,,,,,,,,,0,0,,,,,,,,,,Rogo is the purpose-built AI platform for finance.,rogo-2-5b85e7f6-0093-4699-81a6-bb8642faf5b2,3065628
Roofstock ,roofstock.com,https://roofstock.com,https://jobs.sequoiacap.com/companies/roofstock-2,https://jobs.sequoiacap.com/companies/roofstock-2,https://www.sequoiacap.com/companies/roofstock-2/,,,,,,,,,0,0,,,,,,,,,,"Roofstock is an online marketplace for investing in leased single-family rental homes in a transparent and low-friction way. The company provides its clients with research, analytics, and insights to evaluate and purchase independently certified properties at set prices. It enables its investors to treat their real estate investments more like stock portfolios, focusing on asset allocation, rather than researching and buying vacant homes that need to be repaired and leased.  Founded in 2015, Roofstock gets its funding from Bain Capital, Ron Conway, Khosla Ventures, Marc Benioff, and other investment companies. It is headquartered in Oakland, California.",roofstock-2,8242
Rosebud AI,rosebud.ai,https://rosebud.ai,https://jobs.sequoiacap.com/companies/rosebud-ai,https://jobs.sequoiacap.com/companies/rosebud-ai,https://www.sequoiacap.com/companies/rosebud-ai/,,,,,,,,,0,0,,,,,,,,,,Rosebud is building the AI Roblox. We will make it dramatically easier for a community to create and enjoy the games of their dreams.,rosebud-ai,23913
Rubedo Life Sciences,rubedolife.com,https://rubedolife.com,https://jobs.sequoiacap.com/companies/rubedo-life-sciences,https://jobs.sequoiacap.com/companies/rubedo-life-sciences,https://www.sequoiacap.com/companies/rubedo-life-sciences/,,,,,,,,,0,0,,,,,,,,,,"Rubedo Life Sciences is a biopharmaceutical company that is developing a diverse portfolio of innovative therapies that are engineered to target cells that are responsible for chronic age-related diseases. Its proprietary ALEMBIC drug discovery platform has generated novel first-in-class small molecules designed to selectively target senescent cells, which are important in the progression of pulmonary, dermatological, oncological, neurodegenerative, fibrotic, and other chronic diseases. The Rubedo leadership team is made up of industry leaders and pioneers in chemistry, technology, and life sciences, with extensive experience in drug development and commercialization ranging from large pharma to biotech innovators.",rubedo-life-sciences,1104130
Rubrik,rubrik.com,https://rubrik.com,https://jobs.sequoiacap.com/companies/rubrik,https://jobs.sequoiacap.com/companies/rubrik,https://www.sequoiacap.com/companies/rubrik/,,,,,,,,,0,0,,,,,,,,,,"Rubrik offers live data access for recovery and application development by fusing enterprise data management with web-scale IT and eliminating backup software. This marks the end of a decade-long innovation drought in backup and recovery, the backbone of IT. Within minutes, businesses can manage the explosion of data across private and public clouds.",rubrik,14782
Runsybil,runsybil.com,https://runsybil.com,https://jobs.sequoiacap.com/companies/runsybil,https://jobs.sequoiacap.com/companies/runsybil,https://www.sequoiacap.com/companies/runsybil/,,,,,,,,,0,0,,,,,,,,,,"RunSybil is an AI-native offensive security platform that autonomously discovers and exploits real-world vulnerabilities across modern applications. Sybil agents interact with systems like expert attackers: interacting with systems dynamically, exploring authentication boundaries, finding and validating vulnerabilities, and surfacing real data exposure. The result is continuous, black-box security testing with real validation: no code access required, 90% fewer false positives, and visibility into the vulnerabilities that actually expose data.",runsybil,3518244
Sailplane,sailplane.ai,https://sailplane.ai,https://jobs.sequoiacap.com/companies/sailplane,https://jobs.sequoiacap.com/companies/sailplane,https://www.sequoiacap.com/companies/sailplane/,,,,,,,,,0,0,,,,,,,,,,Sailplane is a technology company focused on Hierarchical Planning AI research. The company is backed by venture capital and develops solutions that explore advanced methods for decision-making processes. The company continues to work on advancing research and development in the field of Artificial Intelligence.,sailplane,1471596
Sakana AI,sakana.ai,https://sakana.ai,https://jobs.sequoiacap.com/companies/sakana-ai-2,https://jobs.sequoiacap.com/companies/sakana-ai-2,https://www.sequoiacap.com/companies/sakana-ai-2/,,,,,,,,,0,0,,,,,,,,,,"Sakana AI develops research-oriented artificial intelligence systems that draw inspiration from natural processes like evolution and collective intelligence. The company designs methods such as evolutionary model merging, multi-agent orchestration, and autonomous research agents to create AI models capable of adaptation and collaboration across tasks. Its work includes systems that automate elements of scientific research and frameworks that combine multiple models to generate new, task-specialized AI learners. Sakana AI engages in partnerships with enterprise and research organizations to apply its technology in domain-specific workflows and innovation projects. The company contributes tools and models to the broader AI community and explores applications that extend beyond conventional AI pipelines.",sakana-ai-2,1104168
Sarvam AI,sarvam.ai,https://sarvam.ai,https://jobs.sequoiacap.com/companies/sarvam-ai-2,https://jobs.sequoiacap.com/companies/sarvam-ai-2,https://www.sequoiacap.com/companies/sarvam-ai-2/,,,,,,,,,0,0,,,,,,,,,,"Sarvam AI develops artificial intelligence infrastructure, models, and applications designed to support Indian languages and enterprise use cases. Its platform provides capabilities such as text-to-speech, speech-to-text, translation, document digitization, dubbing, and conversational AI through APIs and deployable products. The company builds and operates a full-stack AI ecosystem that includes foundational models, application-layer tools, and infrastructure for serving AI workloads at scale. Sarvam’s offerings are used by enterprises, government organizations, and developers to automate workflows, process multilingual content, and enable AI-powered interactions across diverse linguistic contexts. The company also develops language and multimodal models tailored to Indian languages and regional requirements, with support for deployment in cloud, private cloud, on-premises, and air-gapped environments.",sarvam-ai-2,1104167
Scaled Cognition,scaledcognition.com,https://scaledcognition.com,https://jobs.sequoiacap.com/companies/scaled-cognition-2,https://jobs.sequoiacap.com/companies/scaled-cognition-2,https://www.sequoiacap.com/companies/scaled-cognition-2/,,,,,,,,,0,0,,,,,,,,,,"The Only Frontier Model for CX That Eliminates Hallucinations.  Conversational AI you can actually trust. Design, evaluate, and deploy agents with higher automation rates, strict policy adherence, and secure VPC deployment.",scaled-cognition-2,1394608
Scaled Foundations,scaledfoundations.ai,https://scaledfoundations.ai,https://jobs.sequoiacap.com/companies/scaled-foundations,https://jobs.sequoiacap.com/companies/scaled-foundations,https://www.sequoiacap.com/companies/scaled-foundations/,,,,,,,,,0,0,,,,,,,,,,"General Robotics is building general-purpose intelligence for every robot in any form, across any real-world scenarios. True generalist robots need more than just a foundation model. They must adapt across morphologies, be simple to program, and meet rigorous safety standards. We believe general intelligence emerges from a rich composition of robot skills — not just larger models. By combining modular AI skills, we enable robots to sense, reason, and act with precision. Our approach is data-efficient, interpretable, and built for safety-critical use.",scaled-foundations,1104164
Scipher Medicine,sciphermedicine.com,https://sciphermedicine.com,https://jobs.sequoiacap.com/companies/scipher-medicine,https://jobs.sequoiacap.com/companies/scipher-medicine,https://www.sequoiacap.com/companies/scipher-medicine/,,,,,,,,,0,0,,,,,,,,,,"Scipher Medicine develops a healthcare platform designed to determine which drug will work best for each patient. The company is committed to transforming the way providers prescribe drugs, as well as the way manufacturers develop new drugs. They are building a molecular map of all protein interactions that identifies genomic signatures and links those to disease and predictive treatment outcomes. Using a simple blood sample to analyze RNA, Scipher Medicine can predict if a patient is likely to respond to a targeted therapy before therapy is prescribed. This insight allows patients to start the most effective therapy from day one. For its first commercial product, they have developed PrismRA®, a first-of-its-kind blood test that can predict which patients with rheumatoid arthritis are less likely to respond to TNFi therapies such as Humira® and Enbrel® so that such patients can go on alternative approved drugs.  Scipher Medicine is building the future of patient treatment. Most patients who are prescribed blockbuster therapies today don't respond to treatment, costing the healthcare industry billions in wasted drugs while patients continue to suffer. Scipher's platform identifies which drug will work based on the patient's fundamental disease biology, and not based on symptoms, disease classification, or medical bias. A routine blood test predicts which drug he/she will respond to, with our first product focusing on rheumatoid arthritis, ensuring that the most optimal treatment is prescribed from day one. The molecular data generated by our tests are then used to fuel novel target discovery to address a clear unmet medical need in patients who do not respond to any existing therapy.",scipher-medicine,15951
Scribd,scribd.com,https://scribd.com,https://jobs.sequoiacap.com/companies/scribd,https://jobs.sequoiacap.com/companies/scribd,https://www.sequoiacap.com/companies/scribd/,,,,,,,,,0,0,,,,,,,,,,"Scribd, Inc. is an AI-powered knowledge company. Our products leverage the world's largest collection of human-created content and intelligent tools to help people move from information access to real understanding and application. We built our portfolio to serve every stage of that journey: Scribd’s knowledge platform, Slideshare’s professional presentations, Everand’s expansive library, and Fable’s social reading experience. Scribd, Inc. brings together what no one else can: proprietary content, human-in-the-loop tools, and intelligence that compounds with every interaction.",scribd,5443
Seashell,seashell.com,https://seashell.com,https://jobs.sequoiacap.com/companies/seashell,https://jobs.sequoiacap.com/companies/seashell,https://www.sequoiacap.com/companies/seashell/,,,,,,,,,0,0,,,,,,,,,,"Seashell is reimagining the flow of money. As a compliance-focused financial product, Seashell provides the simplest way to earn high and stable interest. Seashell's technology harnesses blockchain innovations to offer market-leading and compliant yields at the push of a button, putting more money into everyone's pocket.",seashell,65860
Sentient Energy,sentientenergy.com,https://sentientenergy.com,https://jobs.sequoiacap.com/companies/sentient-energy-2,https://jobs.sequoiacap.com/companies/sentient-energy-2,https://www.sequoiacap.com/companies/sentient-energy-2/,,,,,,,,,0,0,,,,,,,,,,"Sentient Energy provides grid-edge hardware and software solutions to help electric utilities make data-driven decisions to enhance the delivery of safe, reliable, and efficient power. Their products include grid analytics systems, ample analytics platforms, MM3 overhead line sensors, UM3+ underground line sensors, and more. They help utilities improve reliability, enhance situational awareness, and facilitate data-driven operational decisions.",sentient-energy-2,14788
SFOX,sfox.com,https://sfox.com,https://jobs.sequoiacap.com/companies/sfox,https://jobs.sequoiacap.com/companies/sfox,https://www.sequoiacap.com/companies/sfox/,,,,,,,,,0,0,,,,,,,,,,"SFOX is a cryptocurrency prime dealer that provides professional traders and institutional investors higher returns when trading large volumes, through smart routing and a global integrated order book.",sfox,9299
SingleStore,singlestore.com,https://singlestore.com,https://jobs.sequoiacap.com/companies/singlestore-2-53e10681-19ff-410f-9b37-a2fc709a6354,https://jobs.sequoiacap.com/companies/singlestore-2-53e10681-19ff-410f-9b37-a2fc709a6354,https://www.sequoiacap.com/companies/singlestore-2-53e10681-19ff-410f-9b37-a2fc709a6354/,,,,,,,,,0,0,,,,,,,,,,"SingleStore is a provider of a database for operational analytics and cloud-native applications. It provides global enterprises with an intelligent database that works on any cloud, on-premises, or as a service. It runs transactions and analytics at the same time and lets clients promote their business through analytics and combine semi-structured data into a consolidated big data platform.",singlestore-2-53e10681-19ff-410f-9b37-a2fc709a6354,28428
Siolta Therapeutics,sioltatherapeutics.com,https://sioltatherapeutics.com,https://jobs.sequoiacap.com/companies/siolta-therapeutics-2,https://jobs.sequoiacap.com/companies/siolta-therapeutics-2,https://www.sequoiacap.com/companies/siolta-therapeutics-2/,,,,,,,,,0,0,,,,,,,,,,"Siolta Therapeutics is a developer of human microbiome therapeutics intended to prevent and treat inflammatory diseases. The company leverages its deep knowledge of the developing gut microbiome and its role in promoting immune tolerance to develop targeted microbial therapeutics and companion diagnostics for the prevention and treatment of inflammatory diseases, enabling medical researchers to harness information from human microbiome studies to design next-generation microbial therapeutics to prevent inflammatory processes.",siolta-therapeutics-2,288006
SiPhox,siphox.com,https://siphox.com,https://jobs.sequoiacap.com/companies/siphox,https://jobs.sequoiacap.com/companies/siphox,https://www.sequoiacap.com/companies/siphox/,,,,,,,,,0,0,,,,,,,,,,SiPhox was founded by Diedrik Vermeulen and Michael Dubrovsky one month BC (before COVID) in 2020. SiPhox’s mission is to build a next-generation biosensing platform that provides the power of several large laboratory instruments in a handheld device that accepts disposable cartridges. Each cartridge can multiplex many biomarkers on a single $0.50 silicon photonic chip and provides highly sensitive readout of immunoassays and RNA/DNA. The SiPhox team has extensive experience translating cutting-edge optical chip technology into mass-produced products used all over the world and is bringing the same proven approach to the next frontier for integrated photonics: biology.,siphox,62792
Siren,siren.care,https://siren.care,https://jobs.sequoiacap.com/companies/siren-2,https://jobs.sequoiacap.com/companies/siren-2,https://www.sequoiacap.com/companies/siren-2/,,,,,,,,,0,0,,,,,,,,,,"Siren Care is engaging with providers and payers to transform healthcare for chronic disease and aging. Our flagship program, the Siren Diabetic Foot Program, is a comprehensive service powered by our proprietary Siren Socks, which monitor foot temperature continuously to deliver superior early detection of diabetic foot ulcers.",siren-2,8389
SketchPro.ai,sketchpro.ai,https://sketchpro.ai,https://jobs.sequoiacap.com/companies/sketchpro-ai,https://jobs.sequoiacap.com/companies/sketchpro-ai,https://www.sequoiacap.com/companies/sketchpro-ai/,,,,,,,,,0,0,,,,,,,,,,SketchPro Technologies accelerates the design process by leveraging state-of-the-art technology.,sketchpro-ai,1014146
Skyflow,skyflow.com,https://skyflow.com,https://jobs.sequoiacap.com/companies/skyflow-2-022f80ea-22d7-4c26-abce-177768de112b,https://jobs.sequoiacap.com/companies/skyflow-2-022f80ea-22d7-4c26-abce-177768de112b,https://www.sequoiacap.com/companies/skyflow-2-022f80ea-22d7-4c26-abce-177768de112b/,,,,,,,,,0,0,,,,,,,,,,"Skyflow provides a data privacy vault platform designed to help businesses securely manage and protect sensitive customer data, such as Personally Identifiable Information (PII), payment information, and healthcare data. Their solutions are tailored for enterprises and developers who need to comply with data privacy regulations like GDPR, CCPA, HIPAA, and others.",skyflow-2-022f80ea-22d7-4c26-abce-177768de112b,30356
Smarking,smarking.com,https://smarking.com,https://jobs.sequoiacap.com/companies/smarking,https://jobs.sequoiacap.com/companies/smarking,https://www.sequoiacap.com/companies/smarking/,,,,,,,,,0,0,,,,,,,,,,"Smarking is a group of MIT PhDs, stellar software engineers, and seasoned business professionals who set out on a journey to bring cutting-edge solutions to the parking world. Frustrated that, unlike many other industries, the $100 billion parking industry (worldwide) still doesn’t have state-of-the-art data analytics or yield management technologies, they are passionate about pushing the industry forward. In a short eighteen-month period, Smarking has attracted a tremendous amount of customers and grown their team into one with experts from both parking and tech. With great passion and continuous innovation, they are working on the frontier of the parking industry, shaping a bright future together with their customers.",smarking,5821
Somnee,somneesleep.com,https://somneesleep.com,https://jobs.sequoiacap.com/companies/somnee-2,https://jobs.sequoiacap.com/companies/somnee-2,https://www.sequoiacap.com/companies/somnee-2/,,,,,,,,,0,0,,,,,,,,,,"Developer of a brain stimulation technology designed to improve sleep quality and efficiency and create better sleep through neuroscience. The company's system uses multi-modal brain stimulation that is personalized for individuals to give efficacious enhancements to sleep, enabling customers to improve memory and cognitive performance.",somnee-2,122433
Soraa,soraa.com,https://soraa.com,https://jobs.sequoiacap.com/companies/soraa,https://jobs.sequoiacap.com/companies/soraa,https://www.sequoiacap.com/companies/soraa/,,,,,,,,,0,0,,,,,,,,,,"Soraa is a stealth cleantech startup that is focusing on LED technology and lasers, working together with Kaai.   Soraa leverages science to produce unparalleled spectrum and quality, bringing nature’s light indoors to make illumination something to see and experience. Soraa pioneered full spectrum color rendering LED light, the heart of which is the proprietary LED technology manufactured in California, a technological breakthrough that is further enhanced by focusing on every aspect of producing the most natural light possible. The company supports and conducts research to develop insights and expertise to deliver breakthrough products. Soraa is conscious and curious about how light impacts well-being, productivity, and emotion, and about how to make light look and feel better.",soraa,14783
Soteris,soteris.co,https://soteris.co,https://jobs.sequoiacap.com/companies/soteris,https://jobs.sequoiacap.com/companies/soteris,https://www.sequoiacap.com/companies/soteris/,,,,,,,,,0,0,,,,,,,,,,Soteris provides artificial intelligence-based pricing tools to the insurance business. The company is working hard to transform the entire insurance value chain and would like to keep you updated on developments.,soteris,25107
Spectral Labs,spectrallabs.ai,https://spectrallabs.ai,https://jobs.sequoiacap.com/companies/spectral-labs-2,https://jobs.sequoiacap.com/companies/spectral-labs-2,https://www.sequoiacap.com/companies/spectral-labs-2/,,,,,,,,,0,0,,,,,,,,,,"Developer of a generative artificial intelligence technology designed to improve productivity for 3D professionals. The company's software helps with texturing and customization features to optimize 3D workflow, enabling businesses to boost productivity by saving time on model customization.",spectral-labs-2,4419209
Spiritus,spiritus.com,https://spiritus.com,https://jobs.sequoiacap.com/companies/spiritus-2,https://jobs.sequoiacap.com/companies/spiritus-2,https://www.sequoiacap.com/companies/spiritus-2/,,,,,,,,,0,0,,,,,,,,,,"Spiritus is a climate tech company developing direct-air-capture technology. Its approach combines the Spiritus Sorbent and the Spiritus Carbon Orchard, offering a scalable and modular system for low-cost DAC and sequestration (DAC+S). The company is committed to making carbon removal an accessible and practical tool in the global fight against climate change.",spiritus-2,668632
SplitPay,splitpay.com,https://splitpay.com,https://jobs.sequoiacap.com/companies/splitpay,https://jobs.sequoiacap.com/companies/splitpay,https://www.sequoiacap.com/companies/splitpay/,,,,,,,,,0,0,,,,,,,,,,"Split your bills into two. Less stress, better timing.",splitpay,4419210
Spring,spri.ng,https://spri.ng,https://jobs.sequoiacap.com/companies/spring-2-b3fbf207-f8f1-41ea-9174-442d8fa752ee,https://jobs.sequoiacap.com/companies/spring-2-b3fbf207-f8f1-41ea-9174-442d8fa752ee,https://www.sequoiacap.com/companies/spring-2-b3fbf207-f8f1-41ea-9174-442d8fa752ee/,,,,,,,,,0,0,,,,,,,,,,"Spring (formerly Teespring) provides creators with an end-to-end solution to build a successful commerce business, as well as building their brand. Creators can design and sell digital and physical products on Spring. They can utilize the platform’s powerful integrations with YouTube, TikTok, Instagram, Twitch, Discord, and Streamlabs, allowing them to sell on social. Spring also handles order production, shipping, and customer service, so users can focus on growing their brand.",spring-2-b3fbf207-f8f1-41ea-9174-442d8fa752ee,1104118
Square,squareup.com,https://squareup.com,https://jobs.sequoiacap.com/companies/square-3-beefed92-0b12-4120-a7af-8de314d0489e,https://jobs.sequoiacap.com/companies/square-3-beefed92-0b12-4120-a7af-8de314d0489e,https://www.sequoiacap.com/companies/square-3-beefed92-0b12-4120-a7af-8de314d0489e/,,,,,,,,,0,0,,,,,,,,,,RepurposingNOLA utilizes the excess fabrics of New Orleans to create designer goods.,square-3-beefed92-0b12-4120-a7af-8de314d0489e,12053
Stack Auth,stack-auth.com,https://stack-auth.com,https://jobs.sequoiacap.com/companies/stack-auth,https://jobs.sequoiacap.com/companies/stack-auth,https://www.sequoiacap.com/companies/stack-auth/,,,,,,,,,0,0,,,,,,,,,,Stack Auth is an open-source platform for authentication and user management built for developers.,stack-auth,2620015
State Affairs,stateaffairs.com,https://stateaffairs.com,https://jobs.sequoiacap.com/companies/state-affairs-2,https://jobs.sequoiacap.com/companies/state-affairs-2,https://www.sequoiacap.com/companies/state-affairs-2/,,,,,,,,,0,0,,,,,,,,,,State Affairs is a media company that investigates state policies and provides commentary and investigative reporting.,state-affairs-2,391703
Stripe,stripe.com,https://stripe.com,https://jobs.sequoiacap.com/companies/stripe,https://jobs.sequoiacap.com/companies/stripe,https://www.sequoiacap.com/companies/stripe/,,,,,,,,,0,0,,,,,,,,,,"Stripe is a financial technology company that provides software and APIs for online payment processing, financial operations, and internet commerce. Businesses use Stripe to accept payments online and in person, manage subscriptions, send payouts, issue invoices, detect fraud, and handle other financial workflows through web and mobile applications.",stripe,5222
Studio Jadu,studiojadu.com,https://studiojadu.com,https://jobs.sequoiacap.com/companies/studio-jadu,https://jobs.sequoiacap.com/companies/studio-jadu,https://www.sequoiacap.com/companies/studio-jadu/,,,,,,,,,0,0,,,,,,,,,,"Studio Jadu's vision is to make storytelling a viable business for all creators — empowering them to bring ideas to life, grow audiences, and share in the rewards of their creativity. Studio Jadu mission is to reinvent storytelling. We’re building GenAI tools that let anyone — from fans to established creators — create original worlds or reimagine beloved IP, safely and at scale. With AI as the engine and human imagination as the soul, we believe stories can reach further than ever before.",studio-jadu,4563860
Stuut,stuut.co,https://stuut.co,https://jobs.sequoiacap.com/companies/stuut-2,https://jobs.sequoiacap.com/companies/stuut-2,https://www.sequoiacap.com/companies/stuut-2/,,,,,,,,,0,0,,,,,,,,,,"Stuut provides an AI platform that automates accounts receivable work for companies. The company offers an AI-based automation platform specialized in accounts receivable (AR) management. Its system autonomously handles customer outreach via email, SMS, and voice to collect overdue invoices, proactively reducing manual collections work. The platform matches incoming payments to the correct invoices within the ERP, eliminating tedious reconciliation tasks. Stuut also resolves customer disputes and deductions by gathering documentation and maintaining context across interactions. Its AI agents learn each customer’s payment behavior, becoming more effective over time. The company’s technology deploys quickly—Stuut claims implementation in days—and integrates with existing financial systems to boost cash flow and free AR teams from repetitive tasks.",stuut-2,1041313
Stylus Medicine,stylusmedicine.com,https://stylusmedicine.com,https://jobs.sequoiacap.com/companies/stylus-medicine,https://jobs.sequoiacap.com/companies/stylus-medicine,https://www.sequoiacap.com/companies/stylus-medicine/,,,,,,,,,0,0,,,,,,,,,,"Stylus Medicine is on a quest to create disease-treating agents for the next generation based on the groundbreaking work of its founders. The company is based in Cambridge, Massachusetts.",stylus-medicine,1104142
Superpose Labs,superposelabs.ai,https://superposelabs.ai,https://jobs.sequoiacap.com/companies/superpose-labs,https://jobs.sequoiacap.com/companies/superpose-labs,https://www.sequoiacap.com/companies/superpose-labs/,,,,,,,,,0,0,,,,,,,,,,"We believe everyone deserves to love how they look in photos. Too often, the people we trust most to capture our precious moments—our friends, family, and loved ones—lack the photography skills to do us justice. Superpose transforms anyone into a skilled photographer through real-time AI guidance. Photography should be joyful, not stressful—so we're making it possible for everyone to feel confident being photographed and capture beautiful moments that truly reflect your best self.",superpose-labs,5005785
Supplant,supplant.com,https://supplant.com,https://jobs.sequoiacap.com/companies/supplant-2,https://jobs.sequoiacap.com/companies/supplant-2,https://www.sequoiacap.com/companies/supplant-2/,,,,,,,,,0,0,,,,,,,,,,"Supplant is a biotechnology platform working in the food sector. It develops natural food ingredients from agricultural resources to allow food manufacturers to decrease sugar, increase fiber, and boost the gut health-promoting qualities of its products.",supplant-2,37522
SURGE Therapeutics,surgetx.com,https://surgetx.com,https://jobs.sequoiacap.com/companies/surge-therapeutics,https://jobs.sequoiacap.com/companies/surge-therapeutics,https://www.sequoiacap.com/companies/surge-therapeutics/,,,,,,,,,0,0,,,,,,,,,,"SURGE Therapeutics seeks to dramatically improve cancer patient survival by disrupting cancer immunotherapy deployment. The company provides an injectable biodegradable hydrogel that allows for the prolonged, localized release of most cancer immunotherapy at the site of surgical tumor resection by focusing the dose at the right place and right time.",surge-therapeutics,98494
Swadesh Bank,swadesh.co,https://swadesh.co,https://jobs.sequoiacap.com/companies/swadesh-bank,https://jobs.sequoiacap.com/companies/swadesh-bank,https://www.sequoiacap.com/companies/swadesh-bank/,,,,,,,,,0,0,,,,,,,,,,"Swadesh is a digital banking experience built from the ground up, specifically for the Indian diaspora. They make it delightful for their customers to invest, remit, and manage their money in India from abroad.",swadesh-bank,86960
Sword Health,swordhealth.com,https://swordhealth.com,https://jobs.sequoiacap.com/companies/sword-health,https://jobs.sequoiacap.com/companies/sword-health,https://www.sequoiacap.com/companies/sword-health/,,,,,,,,,0,0,,,,,,,,,,Sword Health is a digital musculoskeletal therapy provider that pairs its members with a licensed Physical Therapist.,sword-health,33032
Syllable,syllable.ai,https://syllable.ai,https://jobs.sequoiacap.com/companies/syllable,https://jobs.sequoiacap.com/companies/syllable,https://www.sequoiacap.com/companies/syllable/,,,,,,,,,0,0,,,,,,,,,,"Syllable is a platform for building AI agents, managing AI operations, tools integrations, and third-party providers of LLMs and AI services.",syllable,30859
Symbolica AI,symbolica.ai,https://symbolica.ai,https://jobs.sequoiacap.com/companies/symbolica-ai-2,https://jobs.sequoiacap.com/companies/symbolica-ai-2,https://www.sequoiacap.com/companies/symbolica-ai-2/,,,,,,,,,0,0,,,,,,,,,,Symbolica AI operates as a research-focused company.,symbolica-ai-2,1172451
Synchron,synchron.com,https://synchron.com,https://jobs.sequoiacap.com/companies/synchron,https://jobs.sequoiacap.com/companies/synchron,https://www.sequoiacap.com/companies/synchron/,,,,,,,,,0,0,,,,,,,,,,Synchron manufactures and markets a medical device that can be delivered to the brain with a catheter to record neuron signals that might be used to control an advanced prosthetic.,synchron,60872
System2,getsystem2.com,https://getsystem2.com,https://jobs.sequoiacap.com/companies/system2,https://jobs.sequoiacap.com/companies/system2,https://www.sequoiacap.com/companies/system2/,,,,,,,,,0,0,,,,,,,,,,System2 is a fitness coaching infrastructure company for personal trainers and influencers.,system2,65783
Tarana Wireless,taranawireless.com,https://taranawireless.com,https://jobs.sequoiacap.com/companies/tarana-wireless,https://jobs.sequoiacap.com/companies/tarana-wireless,https://www.sequoiacap.com/companies/tarana-wireless/,,,,,,,,,0,0,,,,,,,,,,"Tarana Wireless™ has pioneered a carrier-class universal wireless transport solution that is a breakthrough innovation with deterministic True NLOS performance, ubiquitous coverage, multi-kilometer range, industry-leading spectral efficiency, unprecedented capacity and scalability, zero-touch operation, and considerably lower total cost of ownership. It has the flexibility to be deployed for a wide range of applications including small cell backhaul, last mile fiber extension, tactical mobile operations, and more.   Visit www.TaranaWireless.com for additional information.",tarana-wireless,29127
TaxProper,taxproper.com,https://taxproper.com,https://jobs.sequoiacap.com/companies/taxproper,https://jobs.sequoiacap.com/companies/taxproper,https://www.sequoiacap.com/companies/taxproper/,,,,,,,,,0,0,,,,,,,,,,"The technology used by governments to valuate homes for property tax assessment is outdated and often inaccurate. The appeal process, which is intended to allow homeowners to contest inaccurate valuations, is expensive, confusing, and time-consuming. As a result, homeowners often pay more than their fair share in property taxes.  They founded taxProper because they wanted to level the playing field. They believe homeowners shouldn’t pay the price for bad technology, and that the appeals process should be easy and fair.  Their appeals software is based on cutting-edge machine-learning techniques and generates more accurate valuations every single time. If a customer is being taxed for more than their house is worth, they automatically generate an appeal using their data, generate the correct paperwork, and file it for you.",taxproper,34216
Teamshares,teamshares.com,https://teamshares.com,https://jobs.sequoiacap.com/companies/teamshares,https://jobs.sequoiacap.com/companies/teamshares,https://www.sequoiacap.com/companies/teamshares/,,,,,,,,,0,0,,,,,,,,,,"Teamshares is an employee ownership platform for small businesses, driven by proprietary software, education, and financial products. Its mission is to create $10 billion of new wealth for employees through stock ownership. The company buys traditional small businesses from retiring owners to make them 80% employee-owned within 20 years and provides the companies with new leadership, financial education, equity management software, and financial products. Teamshares is the market leader for small business employee ownership, with 84 companies acquired to date.",teamshares,25454
Tempo,tempo.fit,https://tempo.fit,https://jobs.sequoiacap.com/companies/tempo,https://jobs.sequoiacap.com/companies/tempo,https://www.sequoiacap.com/companies/tempo/,,,,,,,,,0,0,,,,,,,,,,"Tempo designs and develops a home fitness platform with personal guidance to help users in their training sessions. It features live elite trainers who can help users when they make mistakes. It has built-in three-dimensional sensors that track form, count reps, and recommend weights. It helps users to improve in real-time. Powered by 3D motion sensors and AI, it analyzes 25 of the body’s essential joints as users work out and gives understood form feedback.  Moawia Eldeeb and Joshua Augustin founded it as Pivot in 2015, with its headquarters in San Francisco, California.",tempo,24550
TeraWatt Technology,terawatt-technology.com,https://terawatt-technology.com,https://jobs.sequoiacap.com/companies/terawatt-technology,https://jobs.sequoiacap.com/companies/terawatt-technology,https://www.sequoiacap.com/companies/terawatt-technology/,,,,,,,,,0,0,,,,,,,,,,"TeraWatt Technology is an advanced battery startup that develops, manufactures, and commercialises next-generation lithium-ion batteries with ultra-high energy density, high power output, enhanced safety, and competitive cost, targeting demanding applications such as electric vehicles, drones, eVTOL aircraft, and energy storage systems.",terawatt-technology,1104128
Terra AI,terraai.com,https://terraai.com,https://jobs.sequoiacap.com/companies/terra-ai,https://jobs.sequoiacap.com/companies/terra-ai,https://www.sequoiacap.com/companies/terra-ai/,,,,,,,,,0,0,,,,,,,,,,"Terra's AI platform models and optimizes complex projects across mineral exploration & natural resource projects. Terra enables faster designs, reduced capital costs, and improved energy/resource output for large-scale developments.",terra-ai,912204
Theatro,theatro.com,https://theatro.com,https://jobs.sequoiacap.com/companies/theatro,https://jobs.sequoiacap.com/companies/theatro,https://www.sequoiacap.com/companies/theatro/,,,,,,,,,0,0,,,,,,,,,,"Theatro is a software company that creates productivity, safety, and knowledge apps for the indoor mobile workforce. With an initial focus on the retail and hospitality market, Theatro creates a suite of SaaS apps (sometimes including hardware) providing real-time management command, control, and information to busy people in busy environments. Augmenting Theatro's platform automation, Theatro leads in collecting behavioral and contextual information of its users, along with leading in patents for mobile user data collection methods and applying user context for decision making or GenAI optimization. Using the combination of apps, speech segments, and real-time user context, Theatro provides users, internal apps, or external GenAI systems the critical contextual information for efficient information distribution and precise AI interactions with minimal processing overhead.  Theatro was founded in 2011 in Menlo Park, CA, and is now based in Richardson, Texas, United States.",theatro,14785
ThoughtSpot,thoughtspot.com,https://thoughtspot.com,https://jobs.sequoiacap.com/companies/thoughtspot,https://jobs.sequoiacap.com/companies/thoughtspot,https://www.sequoiacap.com/companies/thoughtspot/,,,,,,,,,0,0,,,,,,,,,,"ThoughtSpot is the AI-native Intelligence Platform for every enterprise. Our mission is to create a more fact-driven world by empowering everyone to explore any data, ask any question, and uncover actionable insights faster—leading to growth, better business outcomes, and efficiency in their organizations.  With ThoughtSpot’s intuitive natural language search, every user can confidently generate answers from their business data at every point of decisioning. The platform’s unified capabilities, along with our agentic AI analyst, Spotter, enable users to create precise, transparent, personalized, and actionable insights with enterprise-grade trust, security, and scale. Accessible via the web and mobile app, ThoughtSpot ensures intelligent decision-making happens seamlessly, wherever and whenever needed. For developers, ThoughtSpot Embedded offers a low-code solution to integrate AI-powered analytics directly into products and services, driving data monetization and boosting user engagement for customers.  Industry leaders like NVIDIA, Hilton Worldwide, Capital One, and Huel rely on ThoughtSpot to transform how their employees and customers take advantage of data to create better business outcomes. Try ThoughtSpot today and experience the new era of analytics.  The company was co-founded in 2012 by its CEO Ajeet Singh and six other technical co-founders from Google, Microsoft, Amazon, and Oracle. It is based in Palo Alto, CA, and is currently expanding operations in North America, Europe, and Asia-Pacific.",thoughtspot,12055
Tilde,tilderesearch.com,https://tilderesearch.com,https://jobs.sequoiacap.com/companies/tilde-2-ba96a3e8-9ebd-4f2b-85c6-9367a7fcd57a,https://jobs.sequoiacap.com/companies/tilde-2-ba96a3e8-9ebd-4f2b-85c6-9367a7fcd57a,https://www.sequoiacap.com/companies/tilde-2-ba96a3e8-9ebd-4f2b-85c6-9367a7fcd57a/,,,,,,,,,0,0,,,,,,,,,,"Tilde is an AI firm that focuses on developing applied interpretability solutions to improve AI safety and performance. They work on building interpreter models to optimize AI deployments, contributing to advancements in understanding AI systems.",tilde-2-ba96a3e8-9ebd-4f2b-85c6-9367a7fcd57a,3400011
Tile,tile.com,https://tile.com,https://jobs.sequoiacap.com/companies/tile,https://jobs.sequoiacap.com/companies/tile,https://www.sequoiacap.com/companies/tile/,,,,,,,,,0,0,,,,,,,,,,"Tile gives everything the power of smart location, locating more than six million unique items every day. Leveraging its vast community that spans 195 countries, Tile’s cloud-based finding platform helps people find the things that matter to them most. The company is based in San Mateo, CA, and is backed by Francisco Partners, Bessemer Venture Partners, and GGV Capital. For more information, please visit Tile.com.",tile,17746
TORTUS AI,tortus.ai,https://tortus.ai,https://jobs.sequoiacap.com/companies/tortus-ai-2,https://jobs.sequoiacap.com/companies/tortus-ai-2,https://www.sequoiacap.com/companies/tortus-ai-2/,,,,,,,,,0,0,,,,,,,,,,"TORTUS AI creates and operates an online tool using artificial intelligence for the healthcare industry. It aims to eliminate human error in medicine through clinician co-working with AI. It provides an AI agent for healthcare, a digital worker that can take over all digital tasks from a clinician such as documentation, requesting tests, accessing, and summarizing patient information. TORTUS AI was founded in 2022 and is based in London, England.",tortus-ai-2,1115073
Traba,traba.work,https://traba.work,https://jobs.sequoiacap.com/companies/traba-2,https://jobs.sequoiacap.com/companies/traba-2,https://www.sequoiacap.com/companies/traba-2/,,,,,,,,,0,0,,,,,,,,,,Traba is building a world where the global supply chain operates at peak efficiency. We connect industrial businesses with reliable workers to fill open shifts and empower both businesses and workers to reach their full productivity and potential.,traba-2,94218
Travera,travera.com,https://travera.com,https://jobs.sequoiacap.com/companies/travera,https://jobs.sequoiacap.com/companies/travera,https://www.sequoiacap.com/companies/travera/,,,,,,,,,0,0,,,,,,,,,,"Travera commercializes a breakthrough measurement technology and biomarker developed in the Manalis Laboratory in the Koch Institute for Integrative Cancer Research at MIT. The core technology, a MEMS device called the Suspended Microchannel Resonator (SMR), is an exquisitely sensitive scale that can measure a small change in the weight of a single cancer cell. When cancer cells respond to cancer drugs, they start their process of dying by changing weight in just a few hours. The SMR can detect this tiny weight change. As most cancer cells die naturally within 1-2 days of being removed from the human body, speed is critical to distinguish between natural cell death and cell death induced by a cancer drug. It is this exquisite sensitivity that enables the SMR to detect a cancer cell’s response to a cancer drug while it is still a viable cell.  The company was founded in 2017 and is headquartered in Cambridge, Massachusetts.",travera,75462
True Link Financial,truelinkfinancial.com,https://truelinkfinancial.com,https://jobs.sequoiacap.com/companies/true-link-financial,https://jobs.sequoiacap.com/companies/true-link-financial,https://www.sequoiacap.com/companies/true-link-financial/,,,,,,,,,0,0,,,,,,,,,,True Link is a diversified financial services firm dedicated to protecting and increasing our customers' independence and quality of life. True Link provides greater independence and autonomy to people who are at financial risk when engaging with the world.,true-link-financial,577
TrueAccord,trueaccord.com,https://trueaccord.com,https://jobs.sequoiacap.com/companies/trueaccord,https://jobs.sequoiacap.com/companies/trueaccord,https://www.sequoiacap.com/companies/trueaccord/,,,,,,,,,0,0,,,,,,,,,,"TrueML is reinventing the relationship between creditors and lenders with a machine learning-driven, digital approach to debt collection. Our technology personalizes outreach to each customer across digital channels, continuously optimizing for performance while delivering a customer experience that builds long-term brand loyalty.",trueaccord,13714
Truework,truework.com,https://truework.com,https://jobs.sequoiacap.com/companies/truework,https://jobs.sequoiacap.com/companies/truework,https://www.sequoiacap.com/companies/truework/,,,,,,,,,0,0,,,,,,,,,,"Truework is a one-stop platform that helps banks, lenders, and others verify income and employment. It is used for employment and income verification, which puts consumers in control of the data. It specializes in the fields of financial services, fintech, and developer APIs.",truework,14786
Tula Technology,tulatech.com,https://tulatech.com,https://jobs.sequoiacap.com/companies/tula-technology,https://jobs.sequoiacap.com/companies/tula-technology,https://www.sequoiacap.com/companies/tula-technology/,,,,,,,,,0,0,,,,,,,,,,"Tula is driven by an overriding passion to increase efficiency and improve the environment. With more than 320 patents for multiple technologies issued or pending – and a combined 450 years of engineering work behind them – we’re focused primarily on applications for passenger automobiles and commercial heavy-duty trucks powered by gasoline, diesel, alternative fuels, and electricity. Our approach to improving efficiency really sets us apart. We come at it with software solutions, not hardware, and we deliver proven results with one million vehicles on the road using our technologies to decrease harmful emissions and increase fuel savings. But we’re not stopping there. We’re exploring efficiency in other means of mobility, robotics, e-aviation, and industrial machinery. Tula drives efficiency.",tula-technology,274393
Turn Biotechnologies,turn.bio,https://turn.bio,https://jobs.sequoiacap.com/companies/turn-biotechnologies,https://jobs.sequoiacap.com/companies/turn-biotechnologies,https://www.sequoiacap.com/companies/turn-biotechnologies/,,,,,,,,,0,0,,,,,,,,,,"Turn.bio is a biotechnology company developing drugs to reverse aging and age-related diseases. Utilizing a patented mRNA platform technology, ERA, the company is combating the effects of aging on the epigenome.  The company’s proprietary mRNA platform technology, ERA, and eTurna, a delivery platform specifically designed to enable nucleic acid therapeutics, combats the effects of aging in the epigenome, thus restoring optimal gene expression. It focuses on developing tailored therapies targeting indications in immune-related diseases like cancer and dermatological conditions, as well as therapies for ophthalmology, osteoarthritis, and the muscular system.",turn-biotechnologies,1104131
Uhnder,uhnder.com,https://uhnder.com,https://jobs.sequoiacap.com/companies/uhnder,https://jobs.sequoiacap.com/companies/uhnder,https://www.sequoiacap.com/companies/uhnder/,,,,,,,,,0,0,,,,,,,,,,"Uhnder is a start-up developing products for sensing, cognition, and communication for the Internet of Things (IoT) market. It is headquartered in California, with engineering and operations based in Austin and St. Louis.  Uhnder develops a digital automotive radar-on-chip designed to automate systems for safety and better feedback response. Uhnder disrupts the autonomous vehicle business with what it says is a more accurate and reliable alternative to light detection and ranging, known as LIDAR, which is one of the most common technologies used to make vehicles more aware of their surroundings.  Uhnder's chip helps to avoid collisions, alerts to potential problems, and assists with quick localization, as well as electronic fences for navigation and localization and for communication.",uhnder,60836
Ukko,ukko.us,https://ukko.us,https://jobs.sequoiacap.com/companies/ukko,https://jobs.sequoiacap.com/companies/ukko,https://www.sequoiacap.com/companies/ukko/,,,,,,,,,0,0,,,,,,,,,,"Ukko is a biotech firm focused on creating safe immunotherapies for quickly addressing allergies and other immune-related disorders. The company utilizes a unique technology platform that combines computational protein design with mRNA/LNP delivery to alter allergenic proteins. This approach seeks to mitigate or eliminate the risks of severe allergic reactions while eliciting a protective immune response. The company is focused on changing the approach to prevent allergic reactions at the molecular level, striving to offer a safer and more targeted alternative to conventional desensitization techniques. This will lessen the treatment burden while meeting the critical needs of those vulnerable to severe allergic reactions to peanuts, with possibilities for extending the solution to other major allergens like milk, tree nuts, and respiratory triggers.",ukko,9369
Ultima Genomics,ultimagenomics.com,https://ultimagenomics.com,https://jobs.sequoiacap.com/companies/ultima-genomics-2,https://jobs.sequoiacap.com/companies/ultima-genomics-2,https://www.sequoiacap.com/companies/ultima-genomics-2/,,,,,,,,,0,0,,,,,,,,,,"Ultima Genomics is unleashing the power of genomics at scale. Ultima Genomics drives the scale of genomic information to enable unprecedented advances in biology and improvements in human health.  The company was founded in 2016 and is based in Newark, California.",ultima-genomics-2,74913
Univerbal,univerbal.app,https://univerbal.app,https://jobs.sequoiacap.com/companies/univerbal,https://jobs.sequoiacap.com/companies/univerbal,https://www.sequoiacap.com/companies/univerbal/,,,,,,,,,0,0,,,,,,,,,,"Univerbal empowers language learners to practice new languages by talking about anything they want. With our AI Agent, learners can have conversations about any topic they are interested in. Each conversation is completely unscripted, and the AI will react dynamically to whatever you say.  With our technology, we enable our users to get practical conversational experience from day one. The conversations are held in a learning environment, which steadily reinforces the learner's motivation for progress.  Our product allows specific analysis of the individual learning stage. Thereby, we can offer tailored feedback and customized suggestions for improvement.",univerbal,1120122
Unloc,unloc.xyz,https://unloc.xyz,https://jobs.sequoiacap.com/companies/unloc-2,https://jobs.sequoiacap.com/companies/unloc-2,https://www.sequoiacap.com/companies/unloc-2/,,,,,,,,,0,0,,,,,,,,,,"Operator of a peer-to-peer lending platform intended to help gain liquidity and interest against NFTs or digital assets. The company's platform offers access to liquidity by using NFTs as collateral to borrow against by creating person-to-person offers on the platform, enabling users to put their NFTs to work while retaining ownership.",unloc-2,66174
Up&Up,upandup.co,https://upandup.co,https://jobs.sequoiacap.com/companies/up-up-2,https://jobs.sequoiacap.com/companies/up-up-2,https://www.sequoiacap.com/companies/up-up-2/,,,,,,,,,0,0,,,,,,,,,,"Up&Up is a platform that enables fractional homeownership. It aims to provide a more accessible, flexible, and rewarding way to rent and own a home. It helps in building a nest egg for whenever the buyer is ready to buy or cash out by making every resident a part-owner in the home of their choice. It’s a flexible, forward-thinking alternative to the traditional rental model that enriches the future.  It was founded in 2017 and is headquartered in New York, New York.",up-up-2,32900
Upstart,upstart.com,https://upstart.com,https://jobs.sequoiacap.com/companies/upstart,https://jobs.sequoiacap.com/companies/upstart,https://www.sequoiacap.com/companies/upstart/,,,,,,,,,0,0,,,,,,,,,,"Upstart is a lending platform that leverages Artificial Intelligence and Machine Learning to price credit and automates the borrowing process. The company's proprietary underwriting model identifies borrowers despite limited credit and employment history by using variables including schools attended, area of study, and work experience. Upstart powered banks can offer higher approval rates and experience lower loss rates, while simultaneously delivering the exceptional digital-first lending experience their customers demand.  Upstart was founded in 2012 and is headquartered in San Mateo, California, and Columbus, Ohio.",upstart,585
Vahan.ai,vahan.ai,https://vahan.ai,https://jobs.sequoiacap.com/companies/vahan-ai-2,https://jobs.sequoiacap.com/companies/vahan-ai-2,https://www.sequoiacap.com/companies/vahan-ai-2/,,,,,,,,,0,0,,,,,,,,,,"Vahan's AI-driven virtual assistant helps field sales teams and frontliners do better work at scale. A web-based dashboard allows employers to track usage data that can be used for business intelligence. Their virtual assistant is completely customizable to align with employers' support, training, communication, and reporting needs.",vahan-ai-2,60642
Varda Space Industries,varda.com,https://varda.com,https://jobs.sequoiacap.com/companies/varda-space-industries-2,https://jobs.sequoiacap.com/companies/varda-space-industries-2,https://www.sequoiacap.com/companies/varda-space-industries-2/,,,,,,,,,0,0,,,,,,,,,,"Varda is a space manufacturing startup that focuses on creating products in space for terrestrial applications. They aim to manufacture things in space that benefit from low gravity. The company intends to make an infrastructure that harvests source materials for new products in space via asteroid mining. The company's long-term vision involves leveraging these facilities to manufacture pharmaceuticals, fiber optics, and other materials with properties optimized by space conditions. Varda aims to contribute to the development of a sustainable space economy and advance humanity's presence and activities beyond Earth's atmosphere.",varda-space-industries-2,30040
Vayu Robotics,vayurobotics.com,https://vayurobotics.com,https://jobs.sequoiacap.com/companies/vayu-robotics,https://jobs.sequoiacap.com/companies/vayu-robotics,https://www.sequoiacap.com/companies/vayu-robotics/,,,,,,,,,0,0,,,,,,,,,,"Vayu Robotics is an AI robotics company that develops and commercializes automotive sensing, autonomous vehicles, and robotics technology.",vayu-robotics,1104113
Vectra,vectra.ai,https://vectra.ai,https://jobs.sequoiacap.com/companies/vectra,https://jobs.sequoiacap.com/companies/vectra,https://www.sequoiacap.com/companies/vectra/,,,,,,,,,0,0,,,,,,,,,,Vectra AI develops an AI-driven integrated attack signal for threat detection and response. It empowers hybrid and multi-cloud enterprises to see and stop advanced attacks before they become breaches. The company assists SOC analysts in turning the tables on attackers by applying artificial intelligence and machine learning to the problem of finding attack signals.,vectra,18864
Veev,veev.com,https://veev.com,https://jobs.sequoiacap.com/companies/veev,https://jobs.sequoiacap.com/companies/veev,https://www.sequoiacap.com/companies/veev/,,,,,,,,,0,0,,,,,,,,,,"Veev is a building technology company that reinvents the way homes are built and experienced. Veev's home operating system creates room-specific lighting, shade, and climate control and also offers protection against intrusion and cybercrime, thereby providing clients a one-stop solution to all their smart housing requirements.  Key components of the Veev panelized building system include the use of light gauge steel (LGS) for framing, high-performance acrylic (HPA) for surfaces and millwork, radiant climate control systems, and a digital home ecosystem. The company is currently focused on high-performance multifamily and accessory dwelling unit (ADU) products. The current development pipeline totals more than 230 units and 620,000 gross building square feet.",veev,17650
Velo3D,velo3d.com,https://velo3d.com,https://jobs.sequoiacap.com/companies/velo3d,https://jobs.sequoiacap.com/companies/velo3d,https://www.sequoiacap.com/companies/velo3d/,,,,,,,,,0,0,,,,,,,,,,"Velo3D is a digital manufacturing company using a Sapphire 3D production printer and flow print preparation software to print 3D metals. Bringing together an integrated solution of software, hardware, and process-control innovation, Velo3D introduced the first SupportFree capability for 3D metal printing. This enables unlimited design innovation by reducing the need for support structures in metal additive manufacturing. The company’s Sapphire system is built with a semiconductor mindset on quality assurance, ensuring repeatability and dependability throughout serial manufacturing.",velo3d,9371
Verdagy,verdagy.com,https://verdagy.com,https://jobs.sequoiacap.com/companies/verdagy,https://jobs.sequoiacap.com/companies/verdagy,https://www.sequoiacap.com/companies/verdagy/,,,,,,,,,0,0,,,,,,,,,,"Verdagy is revolutionizing water electrolysis technology to facilitate large-scale green hydrogen production. Their solution achieves the lowest upfront capital costs and offers competitive unit economics for production. Located in Moss Landing, California, Verdagy operates laboratory and pilot plant facilities to advance and rapidly scale its technology platform.",verdagy,66362
Vertical Oceans,verticaloceans.blue,https://verticaloceans.blue,https://jobs.sequoiacap.com/companies/vertical-oceans,https://jobs.sequoiacap.com/companies/vertical-oceans,https://www.sequoiacap.com/companies/vertical-oceans/,,,,,,,,,0,0,,,,,,,,,,"Vertical Oceans produces same-day farm-to-fork shrimp in vertical aqua towers in major urban markets. Our system uses no chemicals or antibiotics and produces no effluent. Our system includes 83 technologies across bioengineering, hardware engineering, and computational engineering. Our technology starts with a biocomputer we call the Intelligent Habitat, or iHAB. It is a self-sustaining, self-cleaning modular production system. Inside the iHAB, we have a unique aquatic ecosystem that uses fish and seaweed as part of the biofiltration and creates a more natural environment. The result is a great-tasting shrimp with excellent sustainability credentials.",vertical-oceans,1104155
vFunction,vfunction.com,https://vfunction.com,https://jobs.sequoiacap.com/companies/vfunction,https://jobs.sequoiacap.com/companies/vfunction,https://www.sequoiacap.com/companies/vfunction/,,,,,,,,,0,0,,,,,,,,,,VFunction develops an innovative product for businesses to modernize applications and accelerate the transformation of existing Java applications to cloud-native architecture. The product enables companies to easily and effectively stay ahead of the curve.  The company's team brings unique expertise to change clients’ ability to modernize core business applications.,vfunction,86908
Vicarious Surgical,vicarioussurgical.com,https://vicarioussurgical.com,https://jobs.sequoiacap.com/companies/vicarious-surgical,https://jobs.sequoiacap.com/companies/vicarious-surgical,https://www.sequoiacap.com/companies/vicarious-surgical/,,,,,,,,,0,0,,,,,,,,,,"Vicarious Surgical is a next-generation robotics company developing a disruptive technology with the goal of increasing the efficiency of surgical procedures, improving patient outcomes, and reducing healthcare costs. Vicarious Surgical aims to revolutionize the field of minimally invasive surgery by developing advanced robotic systems that allow surgeons to perform complex procedures with greater precision and control.  The company's robotic system is designed to be compact and portable, enabling it to be easily integrated into existing operating rooms without significant modifications. The robot's design also aims to minimize the invasiveness of surgical procedures, leading to faster patient recovery times and reduced post-operative discomfort.",vicarious-surgical,9372
View,view.com,https://view.com,https://jobs.sequoiacap.com/companies/view,https://jobs.sequoiacap.com/companies/view,https://www.sequoiacap.com/companies/view/,,,,,,,,,0,0,,,,,,,,,,"View is the leader in smart building technologies that transform buildings to improve human health and experience, reduce energy consumption and carbon emissions, and generate additional revenue for building owners. View Smart Windows use artificial intelligence to automatically adjust in response to the sun, increasing access to natural light and unobstructed views while eliminating the need for blinds and minimizing heat and glare. Every View installation includes a cloud-connected smart building platform that can be extended to reimagine the occupant experience. View is installed and designed into over 90 million square feet of buildings, including offices, hospitals, airports, educational facilities, hotels, and multifamily residences.",view,721
Vinci4D.ai,vinci4d.ai,https://vinci4d.ai,https://jobs.sequoiacap.com/companies/vinci4d-ai,https://jobs.sequoiacap.com/companies/vinci4d-ai,https://www.sequoiacap.com/companies/vinci4d-ai/,,,,,,,,,0,0,,,,,,,,,,"Vinci utilizes generative artificial intelligence to create hardware design. Its services cover the design, development, and deployment of software. It facilitates users to process and encode three-dimensional geometry with the necessary level of resolution for design and manufacturing.",vinci4d-ai,3644248
Viome,viome.com,https://viome.com,https://jobs.sequoiacap.com/companies/viome,https://jobs.sequoiacap.com/companies/viome,https://www.sequoiacap.com/companies/viome/,,,,,,,,,0,0,,,,,,,,,,"Viome is a provider of comprehensive health insights designed to help people track their microbiome health, mitochondrial health, cellular health, and biological age.  The company's insights help users to make suitable lifestyle and nutrition choices for them, enabling users to assess their internal ecosystem with simple personalized recommendations.  Viome was established on October 1, 2016, by Naveen Jain in Bellevue, Washington.",viome,14791
Vitara Biomedical,vitara.com,https://vitara.com,https://jobs.sequoiacap.com/companies/vitara-biomedical,https://jobs.sequoiacap.com/companies/vitara-biomedical,https://www.sequoiacap.com/companies/vitara-biomedical/,,,,,,,,,0,0,,,,,,,,,,Vitara Biomedical develops a therapeutic platform to support premature infants. It offers natural physiological processes and hopes to transform neonatal care for newborns and their families into a lifetime of possibilities.,vitara-biomedical,1104115
Vivodyne,vivodyne.com,https://vivodyne.com,https://jobs.sequoiacap.com/companies/vivodyne-2,https://jobs.sequoiacap.com/companies/vivodyne-2,https://www.sequoiacap.com/companies/vivodyne-2/,,,,,,,,,0,0,,,,,,,,,,"Vivodyne develops lifelike human organs for drug testing and research purposes. The company utilizes robotic systems and artificial intelligence to create realistic human tissues that simulate various organ functions. This innovative approach allows for efficient testing of pharmaceuticals, aiming to replace traditional animal testing methods. By producing over 100,000 human tissues in a short timeframe, Vivodyne enhances the predictive accuracy of drug responses in humans. The organization is committed to improving the preclinical drug testing process, providing valuable insights that can lead to more effective therapies. Through its advanced technology, Vivodyne contributes to the evolution of biomedical research and development.",vivodyne-2,344000
Volta Labs,voltalabs.com,https://voltalabs.com,https://jobs.sequoiacap.com/companies/volta-labs-2,https://jobs.sequoiacap.com/companies/volta-labs-2,https://www.sequoiacap.com/companies/volta-labs-2/,,,,,,,,,0,0,,,,,,,,,,Volta Labs is a biotechnology company that develops scalable automation for genetic engineering.,volta-labs-2,66088
Volterra,ves.io,https://ves.io,https://jobs.sequoiacap.com/companies/volterra,https://jobs.sequoiacap.com/companies/volterra,https://www.sequoiacap.com/companies/volterra/,,,,,,,,,0,0,,,,,,,,,,"Volterra helps companies who have tried social media and stopped, can’t keep up with the demands of social media, and don’t know where to start. Many companies incorporate social media into their marketing efforts, but over time, for whatever reason, shift from active participation in social media to sporadic, and finally they allow their efforts to dwindle to nothing, resulting in dormant accounts, stale content, and quiet communities.  Content, conversation, community. These are all buzzwords, but they relate to the efforts and objectives related to successfully executing social media marketing. Unfortunately, many companies do a poor job of allocating the necessary time, resources, and investment to support their social media efforts and struggle to keep up with the demands of maintaining an active social media presence.  LinkedIn? Facebook? Twitter? Instagram? Snapchat? Which channel is right for your company? What is the right approach? Where do you begin? Who do I need to involve? These are just a few of the questions that make companies hesitate about incorporating social media into their sales and marketing efforts. However, there are answers to those questions and more.",volterra,14369
Vox Media,voxmedia.com,https://voxmedia.com,https://jobs.sequoiacap.com/companies/vox-media-2-c6144686-dc20-478b-89ae-44bec0072bf0,https://jobs.sequoiacap.com/companies/vox-media-2-c6144686-dc20-478b-89ae-44bec0072bf0,https://www.sequoiacap.com/companies/vox-media-2-c6144686-dc20-478b-89ae-44bec0072bf0/,,,,,,,,,0,0,,,,,,,,,,"Vox Media is a media company that creates, publishes, and distributes online content, and connects young adults worldwide. It offers SB Nation, an online sports media brand and network of individual fan-centric sports communities; The Verge, a technology publication; Polygon, a publication for adult gamers; Vox.com, an interest news site; Eater, a food and dining publication; Racked, a shopping, beauty, and fashion publication; Curbed, a real estate and home brand publication; and Re/code, a tech business publication.  Vox Media also operates Vox Creative, a division that creates marketing stories for brands. It also offers advertising services via Vox Advertising, and through an advertising solution Concert.  Markos Moulitsas, Joshua Topolsky, Jerome Armstrong, and Tyler Bleszinski founded Sportsblogs on July 14, 2003, which became Vox Media in 2012. Its headquarters is in the District of Columbia with additional offices in New York City.",vox-media-2-c6144686-dc20-478b-89ae-44bec0072bf0,1104119
Waabi,waabi.ai,https://waabi.ai,https://jobs.sequoiacap.com/companies/waabi,https://jobs.sequoiacap.com/companies/waabi,https://www.sequoiacap.com/companies/waabi/,,,,,,,,,0,0,,,,,,,,,,Waabi is pioneering Physical AI – starting with autonomous trucks.,waabi,35418
Wattpad,wattpad.com,https://wattpad.com,https://jobs.sequoiacap.com/companies/wattpad,https://jobs.sequoiacap.com/companies/wattpad,https://www.sequoiacap.com/companies/wattpad/,,,,,,,,,0,0,,,,,,,,,,"Wattpad’s vision is to entertain and connect the world through stories. A leading global webnovel platform, Wattpad has democratized storytelling for a new generation of diverse Gen Z writers and their fans. Wattpad is part of WEBTOON Entertainment’s IP & Creator Ecosystem, where millions of users discover incredible stories in multiple formats.",wattpad,20141
Wave Mobile Money,wave.com,https://wave.com,https://jobs.sequoiacap.com/companies/wave-mobile-money-2,https://jobs.sequoiacap.com/companies/wave-mobile-money-2,https://www.sequoiacap.com/companies/wave-mobile-money-2/,,,,,,,,,0,0,,,,,,,,,,"Wave Mobile Money provides an app-based financial solution to save, transfer, and borrow money. Wave Mobile Money is on a mission to make Africa the first cashless continent. On a continent where less than 10% of the population has a bank account, Wave is building the first modern financial network — no account fees, instantly available, and accepted everywhere! It is building life-changing financial infrastructure. When mobile money succeeded in Kenya, it lifted about a million people out of poverty. And yet, over 10 years later, most Africans still lack access to affordable ways to save, transfer, or borrow the money they need to build businesses or provide for their families. Wave is solving this problem by using technology to build a radically inclusive and extremely affordable financial network.",wave-mobile-money-2,5312
WideOrbit,wideorbit.com,https://wideorbit.com,https://jobs.sequoiacap.com/companies/wideorbit,https://jobs.sequoiacap.com/companies/wideorbit,https://www.sequoiacap.com/companies/wideorbit/,,,,,,,,,0,0,,,,,,,,,,"WideOrbit is the leading provider of advertising management technology for cable networks, local television stations, and radio stations. More than 6,000 television, radio, and cable networks leverage WideOrbit solutions to streamline operations, maximize revenue from traditional, digital, and programmatic channels, and extend their business across distribution platforms. Our clients include ABC/Disney, ViacomCBS, NBC Universal, Fox, Gray Television, Inc., The E.W. Scripps Co., Audacy, Cumulus, and DirecTV. WideOrbit is the system of record for more than $38 billion dollars in annual advertising spending.",wideorbit,21501
Wildfire (Acquired by Opendoor),getwildfire.com,https://getwildfire.com,https://jobs.sequoiacap.com/companies/wildfire-acquired-by-opendoor-2,https://jobs.sequoiacap.com/companies/wildfire-acquired-by-opendoor-2,https://www.sequoiacap.com/companies/wildfire-acquired-by-opendoor-2/,,,,,,,,,0,0,,,,,,,,,,"Wildfire was acquired by Opendoor in 2021. Built a social news app for colleges. Sent 65 million alerts to nearly 1 million users over 6 years. Ranked Top 5 in the “News Category” right below Twitter, Reddit, and Nextdoor and above CNN and The New York Times. Selected for Forbes 30 Under 30 in 2020.  Raised $3.1M from Accel, Khosla, Y Combinator (S17), Greylock, Redpoint, The House Fund, Kindred Ventures, Abstract, and Paul Buchheit.  Started Wildfire during my senior year at UC Berkeley with the mission of helping keep communities safer and more informed with real-time safety alerts. Wildfire quickly grew beyond a campus safety tool to a social news app, which empowered people to spread the word quickly to their community when something significant happened nearby.",wildfire-acquired-by-opendoor-2,31411
WindBorne Systems,windbornesystems.com,https://windbornesystems.com,https://jobs.sequoiacap.com/companies/windborne-systems-2,https://jobs.sequoiacap.com/companies/windborne-systems-2,https://www.sequoiacap.com/companies/windborne-systems-2/,,,,,,,,,0,0,,,,,,,,,,"WindBorne develops, manufactures, and operates a network of long-duration smart weather balloons. The company collects atmospheric data for weather forecasting, climate research, and environmental monitoring. The company uses high-altitude balloons equipped with sensors to gather data from various layers of the atmosphere. These balloons can capture precise and comprehensive atmospheric measurements. By providing high-resolution atmospheric data, WindBorne Systems contributes to more accurate weather predictions, which can help mitigate the impacts of severe weather events.",windborne-systems-2,26525
WorkWhile,workwhilejobs.com,https://workwhilejobs.com,https://jobs.sequoiacap.com/companies/workwhile,https://jobs.sequoiacap.com/companies/workwhile,https://www.sequoiacap.com/companies/workwhile/,,,,,,,,,0,0,,,,,,,,,,"WorkWhile is an hourly labor marketplace that connects businesses with flexible professionals for various job opportunities. The platform allows companies to find workers for events and warehouse tasks, ensuring that their staffing needs are met efficiently. Workers can browse available shifts that align with their skills and schedules, providing them with the flexibility they seek. Additionally, WorkWhile offers next-day pay, allowing employees to receive their earnings promptly after completing their shifts. This feature enhances financial flexibility for workers. The platform also utilizes location-based job matching to ensure that job opportunities are accessible to nearby professionals.",workwhile,63300
World,world.org,https://world.org,https://jobs.sequoiacap.com/companies/world-2,https://jobs.sequoiacap.com/companies/world-2,https://www.sequoiacap.com/companies/world-2/,,,,,,,,,0,0,,,,,,,,,,"Worldcoin is building the world's largest identity and financial network to serve as a public utility, giving ownership to everyone. We aim to create universal access to the global economy regardless of country or background, accelerating the transition to an economic future that welcomes and benefits every person on the planet.",world-2,31804
Yammer,yammer.com,https://yammer.com,https://jobs.sequoiacap.com/companies/yammer,https://jobs.sequoiacap.com/companies/yammer,https://www.sequoiacap.com/companies/yammer/,,,,,,,,,0,0,,,,,,,,,,"Yammer is an enterprise social network established to foster team collaboration, empower employees, and drive business transformation. It enables employees to collaborate in real time across departments, geographies, and business applications. It also helps them create groups to collaborate on projects and share and edit documents.  The service of yammer.com can be accessed through the web, desktop, and mobile devices including iPhone, iPad, Windows Phone, Android, and Blackberry, enabling a “virtual office” that employees can plug into while on-the-go. Additionally, Yammer can be easily integrated with other systems such as Microsoft SharePoint, creating a social layer across all enterprise applications.  Yammer has secured more than 7 million users, including employees from 85 percent of the Fortune 500 companies. Founded in 2008, Yammer is now a part of Microsoft.",yammer,133158
ZBiotics Company,zbiotics.com,https://zbiotics.com,https://jobs.sequoiacap.com/companies/zbiotics-company,https://jobs.sequoiacap.com/companies/zbiotics-company,https://www.sequoiacap.com/companies/zbiotics-company/,,,,,,,,,0,0,,,,,,,,,,"ZBiotics is a synthetic biology company founded in 2016 and headquartered in San Francisco, California. The company bioengineers probiotic bacteria for nutraceutical and other applications. ZBiotics is pioneering the use of genetically engineered probiotics to solve intractable problems.",zbiotics-company,175114
Zendar,zendar.io,https://zendar.io,https://jobs.sequoiacap.com/companies/zendar,https://jobs.sequoiacap.com/companies/zendar,https://www.sequoiacap.com/companies/zendar/,,,,,,,,,0,0,,,,,,,,,,"Zendar develops AI-powered imaging radar technology for autonomous vehicles and robotics. The company builds high-resolution radar hardware and software that enables precise 3D perception, object detection, and environment mapping in all weather conditions. Its sensor fusion and perception systems support safer self-driving cars, trucking, and advanced mobility applications.",zendar,5731
Zocdoc,zocdoc.com,https://zocdoc.com,https://jobs.sequoiacap.com/companies/zocdoc-3,https://jobs.sequoiacap.com/companies/zocdoc-3,https://www.sequoiacap.com/companies/zocdoc-3/,,,,,,,,,0,0,,,,,,,,,,"Zocdoc is a technology company that provides a better healthcare experience for millions of patients every month. Its online marketplace delivers the accessible, seamless, and simple experience patients expect and deserve.  Zocdoc was founded in 2007 and is headquartered in New York.",zocdoc-3,14796
Zordi,zordi.com,https://zordi.com,https://jobs.sequoiacap.com/companies/zordi,https://jobs.sequoiacap.com/companies/zordi,https://www.sequoiacap.com/companies/zordi/,,,,,,,,,0,0,,,,,,,,,,"Zordi is a robot- and artificial intelligence-operated autonomous modular greenhouse platform. Frequently addressed from three angles: operation, agriculture, and technology. This cooperation results in more reliable and effective consumer solutions.",zordi,65269
